-- MySQL dump 10.13  Distrib 8.0.19, for Win64 (x86_64)
--
-- Host: 127.0.0.1    Database: presensigps
-- ------------------------------------------------------
-- Server version	8.0.33-0ubuntu0.22.04.2

/*!40101 SET @OLD_CHARACTER_SET_CLIENT=@@CHARACTER_SET_CLIENT */;
/*!40101 SET @OLD_CHARACTER_SET_RESULTS=@@CHARACTER_SET_RESULTS */;
/*!40101 SET @OLD_COLLATION_CONNECTION=@@COLLATION_CONNECTION */;
/*!50503 SET NAMES utf8mb4 */;
/*!40103 SET @OLD_TIME_ZONE=@@TIME_ZONE */;
/*!40103 SET TIME_ZONE='+00:00' */;
/*!40014 SET @OLD_UNIQUE_CHECKS=@@UNIQUE_CHECKS, UNIQUE_CHECKS=0 */;
/*!40014 SET @OLD_FOREIGN_KEY_CHECKS=@@FOREIGN_KEY_CHECKS, FOREIGN_KEY_CHECKS=0 */;
/*!40101 SET @OLD_SQL_MODE=@@SQL_MODE, SQL_MODE='NO_AUTO_VALUE_ON_ZERO' */;
/*!40111 SET @OLD_SQL_NOTES=@@SQL_NOTES, SQL_NOTES=0 */;

--
-- Table structure for table `cabang`
--

DROP TABLE IF EXISTS `cabang`;
/*!40101 SET @saved_cs_client     = @@character_set_client */;
/*!50503 SET character_set_client = utf8mb4 */;
CREATE TABLE `cabang` (
  `kode_cabang` char(3) NOT NULL,
  `nama_cabang` varchar(50) NOT NULL,
  `lokasi_cabang` varchar(255) NOT NULL,
  `radius_cabang` int NOT NULL,
  PRIMARY KEY (`kode_cabang`) USING BTREE
) ENGINE=InnoDB DEFAULT CHARSET=latin1 ROW_FORMAT=DYNAMIC;
/*!40101 SET character_set_client = @saved_cs_client */;

--
-- Dumping data for table `cabang`
--

LOCK TABLES `cabang` WRITE;
/*!40000 ALTER TABLE `cabang` DISABLE KEYS */;
INSERT INTO `cabang` VALUES ('JKT','JAKARTA','-6.208878532919226, 106.8454121689291',999999999),('KDS','UP KUDUS','-6.818541668892633, 110.84000440197951',100),('KLG','SUCOFINDO KALIGAWE','-6.9445202748603645, 110.48951131295946',100),('SBY','SURABAYA','-7.4966457373735835, 112.71961680723759',823227714),('SMG','SUCOFINDO PEMUDA','-6.982563587631668, 110.41057148265654',1000),('SRK','UP SURAKARTA','-7.548348744005114, 110.78249648444786',100),('TGS','LANGSUNG TUGAS','-6.982563587631668, 110.41057148265654',900000000);
/*!40000 ALTER TABLE `cabang` ENABLE KEYS */;
UNLOCK TABLES;

--
-- Table structure for table `departemen`
--

DROP TABLE IF EXISTS `departemen`;
/*!40101 SET @saved_cs_client     = @@character_set_client */;
/*!50503 SET character_set_client = utf8mb4 */;
CREATE TABLE `departemen` (
  `kode_dept` char(3) NOT NULL,
  `nama_dept` varchar(50) NOT NULL,
  PRIMARY KEY (`kode_dept`) USING BTREE
) ENGINE=InnoDB DEFAULT CHARSET=latin1 ROW_FORMAT=DYNAMIC;
/*!40101 SET character_set_client = @saved_cs_client */;

--
-- Dumping data for table `departemen`
--

LOCK TABLES `departemen` WRITE;
/*!40000 ALTER TABLE `departemen` DISABLE KEYS */;
INSERT INTO `departemen` VALUES ('BIP','INSPEKSI PENGUJIAN'),('BIT','INSPEKSI TEKNIK'),('BIU','INSPEKSI UMUM'),('DKB','DUKUNGAN BISNIS'),('EPS','EPISI'),('HTA','HUTA INSPIRA'),('KDS','UP KUDUS'),('KPR','KOPERASI SUCOFINDO'),('MGT','MANAGEMENT'),('PDO','PENJUALAN DAN DUKUNGAN OPERASI'),('SRK','UP SURAKARTA');
/*!40000 ALTER TABLE `departemen` ENABLE KEYS */;
UNLOCK TABLES;

--
-- Table structure for table `jam_kerja`
--

DROP TABLE IF EXISTS `jam_kerja`;
/*!40101 SET @saved_cs_client     = @@character_set_client */;
/*!50503 SET character_set_client = utf8mb4 */;
CREATE TABLE `jam_kerja` (
  `kode_jam_kerja` char(4) NOT NULL,
  `nama_jam_kerja` varchar(15) NOT NULL,
  `awal_jam_masuk` time NOT NULL,
  `jam_masuk` time NOT NULL,
  `akhir_jam_masuk` time NOT NULL,
  `jam_pulang` time NOT NULL,
  PRIMARY KEY (`kode_jam_kerja`) USING BTREE
) ENGINE=InnoDB DEFAULT CHARSET=latin1 ROW_FORMAT=DYNAMIC;
/*!40101 SET character_set_client = @saved_cs_client */;

--
-- Dumping data for table `jam_kerja`
--

LOCK TABLES `jam_kerja` WRITE;
/*!40000 ALTER TABLE `jam_kerja` DISABLE KEYS */;
INSERT INTO `jam_kerja` VALUES ('KRJ','JAM KERJA','05:00:00','08:00:00','23:59:00','17:00:00'),('STP','SATPAM','00:01:00','23:59:00','23:59:00','00:02:00');
/*!40000 ALTER TABLE `jam_kerja` ENABLE KEYS */;
UNLOCK TABLES;

--
-- Table structure for table `karyawan`
--

DROP TABLE IF EXISTS `karyawan`;
/*!40101 SET @saved_cs_client     = @@character_set_client */;
/*!50503 SET character_set_client = utf8mb4 */;
CREATE TABLE `karyawan` (
  `nik` char(255) NOT NULL,
  `nama_lengkap` varchar(100) NOT NULL,
  `jabatan` varchar(20) NOT NULL,
  `no_hp` varchar(13) NOT NULL,
  `foto` varchar(30) DEFAULT NULL,
  `kode_dept` char(3) NOT NULL,
  `kode_cabang` char(3) DEFAULT NULL,
  `password` varchar(255) NOT NULL,
  `remember_token` varchar(255) DEFAULT NULL,
  PRIMARY KEY (`nik`) USING BTREE
) ENGINE=InnoDB DEFAULT CHARSET=latin1 ROW_FORMAT=DYNAMIC;
/*!40101 SET character_set_client = @saved_cs_client */;

--
-- Dumping data for table `karyawan`
--

LOCK TABLES `karyawan` WRITE;
/*!40000 ALTER TABLE `karyawan` DISABLE KEYS */;
INSERT INTO `karyawan` VALUES ('ABDUL KHARIS','ABDUL KHARIS','HELPER ARSIP','0000000000000',NULL,'DKB','SMG','$2y$10$fNmbp9kjIjmq5f5ii.aQpusFYuzRIxydK60Mq1io6BYlxL8x066ri',NULL),('ADHI NILA SARI','ADHI NILA SARI, S.SI., M.KES.','?','08',NULL,'BIP','SMG','$2y$10$0iNcpe3wE90JOqqX7WnfG./ScuWyWJ.Euv1nIytjPwOIyAMvAuW32',NULL),('ADINDA PUTRA YUWONO','ADINDA PUTRA YUWONO','?','08',NULL,'BIP','SMG','$2y$10$GIGBY92PkkwIuuL7M39n2uhFeJOtD1ut35DJN00jwgiHxJ/asTnFG',NULL),('ADINDA RAGIL SAPUTRI','ADINDA RAGIL SAPUTRI','?','08',NULL,'BIP','SMG','$2y$10$d.X.aH0VSYCqqOmeK9wttuW64bSPyxC..kim/jpn5XO7eCWE0SgLu',NULL),('AGNESYA LEONITA','AGNESYA LEONITA','SALES OFFICER','08',NULL,'PDO','TGS','$2y$10$HuOPAOBTJjgTm2Td2Dhnn.R.A3J7rd.x0Em.bJoxNAPEIRFVrFBMi',NULL),('AGUS HADIYARTO','AGUS HADIYARTO, IR','?','08',NULL,'BIP','SMG','$2y$10$QVKHWupNqtKkU30V6sk2Y.oMCw98r1F97dUVDK9PXEUvEG0JdnQUq',NULL),('AGUS RIYANTO','AGUS RIYANTO','ME','00',NULL,'KPR','SMG','$2y$10$3zts5zL5Rd/bLzIIMEVlyOwjuwnq3OnNtx2mDhWhBKeiHi7CpPj62',NULL),('AGUS WIRATMODJO','AGUS WIRATMODJO','INSPECTOR','00',NULL,'SRK','TGS','$2y$10$S1wdN6gAQbMgU1f4d0npxeiLJMuCYUHc7HgOfPi8MQW0kNiEFJ93.',NULL),('AILSA ADZANI ZATADINI','AILSA ADZANI ZATADINI','AUDITOR','08',NULL,'BIP','TGS','$2y$10$cKOUCRMo/jzRvaVneSadJu26gvKZvDEplXm5DS7.R/c5dy21QNVlG',NULL),('AISHA HARDINA','AISHA HARDINA AZIS SUDARSO','?','08',NULL,'BIP','SMG','$2y$10$NYpxBAdESy80DAp3kIUepuqw2wePmIIuNl/omzSttZzUcRU6vvS5K',NULL),('ALBI ALIF IKHSAN','ALBI ALIF IKHSAN','INSPECTOR','08',NULL,'HTA','TGS','$2y$10$YBveo2YlJTNEgcSYCkTCO.9UuzxwKiQktqyw1nLiOxIQ0ZE24gvuy',NULL),('ALINDA ASTRIANI','ALINDA ASTRIANI','?','08',NULL,'BIP','SMG','$2y$10$tuMusJoWazBf2ssuQi2H6uK4OUd0799Q.H/I1TGXdJPHT.5tpv8jC',NULL),('AMELIA ROSALINA PUTRI','AMELIA ROSALINA PUTRI','?','08',NULL,'BIP','SMG','$2y$10$klZMmWN7CLpySeFmptoYYOJG5RXnFgRaXQCWcPNOU2FSRRTCUsLtm',NULL),('ANANG SETIAWAN','ANANG SETIAWAN','SECURITY PEMUDA','00',NULL,'HTA','SMG','$2y$10$pK6qnZtCa7xP0P3bjFjiZOosFU9sQX0NcQX0HIrF5pmBLmg6NV9je',NULL),('ANDRIANI SILFIANA','ANDRIANI SILFIANA','?','08',NULL,'BIP','SMG','$2y$10$Dqu/W1E8tto1AdTGKufcVehN.ZJLBl7E4o1QyQ9/C8YnRJJldZRzu',NULL),('ANGGITA FITRIANI','ANGGITA FITRIANI','?','08',NULL,'BIP','SMG','$2y$10$7cj.5NVRbr746lbGAlTaBuV3f8ab3Pqva2cBBywLKwX12lrporif.',NULL),('ANNISA AULIA','ANNISA AULIA','?','08',NULL,'BIP','SMG','$2y$10$oBj9fe938wJ18DlywomHueN/nNrWfPJeY6K.odf.s9i7cgsXzbrxG',NULL),('ANNISA PUTRI SETIANINGRUM','ANNISA PUTRI SETIANINGRUM','?','08',NULL,'BIP','SMG','$2y$10$ejAK/UXjrDRfh6J7WdOxpuGFS/dSg9vrEyHVBMqF9J3Y4bx8pM3fK',NULL),('ANNISSA AMALIA ARDIYANTI','ANNISSA AMALIA ARDIYANTI','?','08',NULL,'BIP','SMG','$2y$10$VgkxyQEji12RgJXzorS9WuDsdGL85n0wY1ydAgBI/B4xTNrj4aWGm',NULL),('ANTONIUS','ANTONIUS','SECURITY KALIGAWE','00',NULL,'HTA','KLG','$2y$10$3RI5AJ5WIw0kVq9bmGOsgemoIBBR4BnbUrM/YK1SaoKTLLz2d0Vwi',NULL),('ARIFA SOFIA PUTRI','ARIFA SOFIA PUTRI','?','08',NULL,'BIP','SMG','$2y$10$3jVaWMnZW5qn6.cqueFbn.5DpX0GmE0iK7x5WXnNcKRXrbfSu6LiS',NULL),('ASTINA ARYADI','ASTINA ARYADI','?','08',NULL,'BIP','SMG','$2y$10$fUV9zrDbUT/zV3cTlFBraucGiIiiqs3Sk4.Kae0.ssR8Mjgy8ZsLO',NULL),('ATHAYA KHAIRUNNISA','ATHAYA KHAIRUNNISA','?','08',NULL,'BIP','SMG','$2y$10$paJMGNCKosoA.6cu6ZjhduaLcjQcq74RzycS7/vPSVD/sQCft8Ssy',NULL),('AZURA MUZDALIFAH ISTIQOMAH','AZURA MUZDALIFAH ISTIQOMAH','?','08',NULL,'BIP','SMG','$2y$10$1RHn8qImYhxSyCW8zqJWiO0rPJfllzoiwhiTufS.GFMciXK1tIkNS',NULL),('BAYU SETIAWAN','BAYU SETIAWAN','SECURITY PEMUDA','00',NULL,'HTA','SMG','$2y$10$SI2DM/xrKr21zuPRhKJuleEU31S6spxhdtRxH7spqQNyTLaiaznQ6',NULL),('BERLIANA AULIA PERMATASARI','BERLIANA AULIA PERMATASARI','?','08',NULL,'BIP','SMG','$2y$10$C5gxp/nOBsE76kT5I1o9MuMEnSNq04ZaJ4sfziptgglLJ4gZJJU3m',NULL),('CITRA RAHAYU','CITRA RAHAYU VIANDITA SARI','?','08',NULL,'BIP','SMG','$2y$10$QV4llXT3XNS2uMA/I6JJG.3nNmD6KpiQCLAP5aaBsXFzipmagxn6W',NULL),('DANI ADHI NUGROHO','DANI ADHI NUGROHO','ADMINISTRASI OPERASI','08',NULL,'BIU','SMG','$2y$10$tsl4MU2LLQTHZiodt6xV9OjI2p8QmYvXNnk61Vn.z/BRq3aDhuk/u',NULL),('DARSIKIN','DARSIKIN','?','08',NULL,'BIP','SMG','$2y$10$K9eAZV1lVKECjv4kn6WQve1dOX2fK4Izaj8X675V8GKef1ZqZ1pe6',NULL),('DEDI SUSANTO','DEDI SUSANTO','CLEANING SERVICE','00',NULL,'KPR','SMG','$2y$10$1oRNmHnfMBWVSecGOFr.HeEgmbanMHpbx6c2sh/Ne7gPkThir8M1W',NULL),('DEVI NURKHAYATI','DEVI NURKHAYATI','?','08',NULL,'BIP','SMG','$2y$10$94b/7FC//dGeXmLU4jm5bOVHe8Qkdt9CY.zYgJNl1AY22PQhes.3.',NULL),('DEVITA ADITYA','DEVITA ADITYA','?','08',NULL,'BIP','SMG','$2y$10$pWJ4JvTL7d6nhDAi0zITl.KIGqupHUT1nW2N/Dg7t4eSyQvygYu12',NULL),('DHIA KHAIRULLAH RISKY','DHIA KHAIRULLAH RISKY','?','08',NULL,'BIP','SMG','$2y$10$EkuYcUqdvDhmnuIVx98m/Ofgk.2gZob./0ljlpcBm6vbBlM99.inq',NULL),('DIAH ANGGIT','DIAH ANGGIT KUSUMANINGRUM','?','08',NULL,'BIP','SMG','$2y$10$TjV2RnhditqkD8fsL/VgkuJyTApQPchMVU12TBY9E7xQgU3K2u6qO',NULL),('DIDIK EKO','DIDIK EKO','ADMINISTRASI OPERASI','082221221789','DIDIK EKO.jpeg','BIU','SMG','$2y$10$z5fspgdAocXmODaqWKH/E.p../c1Bnas41GqSKyuocuovsn0K.Nc6',NULL),('DINI KARIMAH','DINI KARIMAH','?','08',NULL,'BIP','SMG','$2y$10$qrp8UmIP0EzvSK.cYVrjDOxjUo.qJv7AuKPVfgszIhsyl/wsK4F8a',NULL),('DODIK PRAMONO','DODIK PRAMONO, DR','?','08',NULL,'BIP','SMG','$2y$10$sMpI4PZPI27hBEgl8cIO/OVGcq4QCnn3vH7MZ/7voZ3TSdNW8mWgG',NULL),('DWI KRISNANTO','DWI KRISNANTO','SECURITY KALIGAWE','00',NULL,'HTA','KLG','$2y$10$C65SaTeeb.Hycb2q7GzeKOz8ZQp8REV8KFB6ukO3xrUqgjFYmL5Hu',NULL),('EDY MULYONO','EDY MULYONO','ME','00',NULL,'KPR','KLG','$2y$10$aDjkEFns1NgpzAnW9Iyx8ewsKoVbP0Cai25E6xcZF3qefuRQiSg6y',NULL),('ENANG WIJANARKO','ENANG WIJANARKO','INSPECTOR','0000000000000',NULL,'SRK','TGS','$2y$10$ydZsgZCm/BRpjS6jEVxOSev5GfQntcymvAx9qEBXPgP9nEzA5aDTK',NULL),('ERSA SALSA  FEBRIYOLA','ERSA SALSA  FEBRIYOLA','?','08',NULL,'BIP','SMG','$2y$10$OJ/ZbOgaJ6l5whuLWxHVt.f2etsk7nPxsj/xNDMYg59.HbiZNQZq.',NULL),('FADIYA SALSABILA','FADIYA SALSABILA','?','08',NULL,'BIP','SMG','$2y$10$AQ84iuWXGoPCC2rHN648sekX4.o4ZkMwaTU1NfglSwVOkJ0ABIxLe',NULL),('FAIZA AZZAHRA','FAIZA AZZAHRA','?','08',NULL,'BIP','SMG','$2y$10$Tyw3CdFhXT6N0JCu.EiXxej0xQC2g4ONAXdNkSClGb6IxVuyTibY6',NULL),('FATMA ZIADATI HUSNA','FATMA ZIADATI HUSNA','?','08',NULL,'BIP','SMG','$2y$10$.MjgSvSlq29T2cWcYbTLjuIAeZWLyIXJBAVXlC.R3P2mlM2fHD7T.',NULL),('FIFI RAHMAWATI','FIFI RAHMAWATI','ADMINISTRASI OPERASI','00',NULL,'HTA','SMG','$2y$10$dg6axwdCmHa2L8epY5R43uOA3/DJg0MmVznYt.vKAu4qSCpUPHaVq',NULL),('FIKA AISYAH KUSUMA','FIKA AISYAH KUSUMA','?','08',NULL,'BIP','SMG','$2y$10$Ni7v3REz5fgNOtbnyidsGeqCnYfkE/XA5lfWGlT9CNScoghYdQWTC',NULL),('GEBRINA RIZKI','GEBRINA RIZKI','?','08',NULL,'BIP','SMG','$2y$10$3C5YYcg0M9kreYh5PMziRer7KcTl.d67wprUIEBBX6Q/12nNqetAy',NULL),('HAEKAL AWLIYA','HAEKAL AWLIYA MUHAMMAD SALMAN','?','08',NULL,'BIP','SMG','$2y$10$9Tfo4Xnj.v1HK2RWjlmXsubJjbSSKsawFJgwRc53eCu40kf.V60SW',NULL),('HAMDA EZRA SHAUMA','HAMDA EZRA SHAUMA','?','08',NULL,'BIP','SMG','$2y$10$Rf50BoAZhlJts6y9t9p/4e33Yrt0U3H.V80WtHwVrOYTph99JKeGO',NULL),('HAPSORO JAYANINGPRANG','HAPSORO JAYANINGPRANG','ADMINISTRASI OPERASI','08',NULL,'BIU','SMG','$2y$10$LwkI5.1yx4XcGNL21k.0SeYeZzgpIxhgdtzAAXXUeN9usbtRFGBk6',NULL),('HARSYA GIRAS HASFIAWAN','HARSYA GIRAS HASFIAWAN','?','08',NULL,'BIP','SMG','$2y$10$AzL03nGGQsfvfeCoR/q/uemVjcWvh9zicO8UNfB.aGOVDRWpQ93/q',NULL),('HERMAWAN AJI BAGASKORO','HERMAWAN AJI BAGASKORO','INSPECTOR','00',NULL,'SRK','SRK','$2y$10$MYrO.ij0ZUDSrUpqKPSti.28JgHxRgbXZTeiObcHDrDRVQCXObVya',NULL),('HIBATIN WAFIROH','HIBATIN WAFIROH','?','08',NULL,'BIP','SMG','$2y$10$h3OV1AwC6gnJN5.Rr29LyuaIAQAIdkK0DDulWAE5gDTleqSuIX8AC',NULL),('INDRO SUMANTRI','IR. INDRO SUMANTRI, M.ENG','?','08',NULL,'BIP','SMG','$2y$10$BAnzTcZfaEu7ebOiK2q3rObGRwBa.0UF0PzKkloUm/XUzbWXseEee',NULL),('INSANI LARASATI ALZAHRA','INSANI LARASATI ALZAHRA','?','08',NULL,'BIP','SMG','$2y$10$BOuZ3OBUHCwEFAPbp7KkKekFcbyKbIQJ4DjoZUbszeEXGinQ86YUW',NULL),('ISEH MUHAMMAD ZAENAL','ISEH MUHAMMAD ZAENAL','ANALYS','00',NULL,'EPS','TGS','$2y$10$xzgcBWNOgc0juI0pESNoX.n1yP.wBwWyWzhUC9QwgtRKzIUQMAvP2',NULL),('IZZATUL HAQUE MIZANI','IZZATUL HAQUE MIZANI','?','08',NULL,'BIP','SMG','$2y$10$1hJ7yKJiP.HxpnTp5g9WwOKY5c2TKsT/ZKnJNaS6bCq/KnQ/OVjQ.',NULL),('JANE IVANA','JANE IVANA','?','08',NULL,'BIP','SMG','$2y$10$HBuCT/YS1hHywGFFAIesfu/gtk93kYJf6ZTGxgPkz5/YV/JHX2vIC',NULL),('JUNITA','JUNITA','?','08',NULL,'BIP','SMG','$2y$10$v/jUFEFNuHgnEnaCZtljbuyf1tWmnVnBz6x6W6zokNMbSXWc6U9C.',NULL),('KEZIA ANDIN','KEZIA ANDIN YOVANDA DEWI','?','08',NULL,'BIP','SMG','$2y$10$ijwg7SyDvkgOy0H4K6gn2upcPL3UQ5xk58oEXTjk2l/YKP77wXnwO',NULL),('KRISWANTO','KRISWANTO','CLEANING SERVICE','00',NULL,'KPR','SMG','$2y$10$/iB4/uQuce0BAGUTqQWWW.lyUuQqtYXoVA6tfiFpa3kL8SAk3121u',NULL),('LARAS ATAINA SAFFANAH','LARAS ATAINA SAFFANAH','?','08',NULL,'BIP','SMG','$2y$10$qJCf7ZtDLeHNqtoEB3Zzeu8a4ekJ3Jv6acX9NTA4ZhW1LjkX98jd.',NULL),('LINDA SABATWATI','LINDA SABATWATI','ADMINISTRASI OPERASI','00',NULL,'HTA','SRK','$2y$10$bKsYziFsnDrwtCFqZYO6dez/40wNpRNSi0YXDLQP7gB8io.mzS/bC',NULL),('LUQMAN HAKIM','LUQMAN HAKIM, S.T., M.SI.','?','08',NULL,'BIP','SMG','$2y$10$MnatbGcKzERJmDeIecew3OyXNEXP/38IYYyEhVk4RB1rGmZyJH2nK',NULL),('MARDIYANTO','MARDIYANTO','CLEANING SERVICE','00',NULL,'KPR','SMG','$2y$10$dnGEsZvWSnARJeqdYdwykO3wm5iPssjLgw5sp6ZTewmcazJbZ/9Lu',NULL),('MIFTAHUL ALIM','MIFTAHUL ALIM','INSPECTOR','08',NULL,'BIU','TGS','$2y$10$YW91iSWdtwdH2B2vv06cleW.nrqJZr22HWYPloUQ0.IleqshMLjlS',NULL),('MUHAMAD NURUL HUDA','MUHAMAD NURUL HUDA','CLEANING SERVICE','00',NULL,'KPR','SMG','$2y$10$UXK7TjYYaSQatAgZYnmu3ebImXAu.B9HYXnhBogJ.1EwOZLYR4Hsi',NULL),('MUHAMMAD ADHIM','MUHAMMAD ADHIM WIDIYO PUTERA','AUDITOR','08',NULL,'BIP','TGS','$2y$10$5ActTETo0vSLzK9RxeVWSu1wxd1YM893HGH7uM.hMw/jMRlpE3ia2',NULL),('MUHAMMAD DAFA','MUHAMMAD DAFA ULHAQ','?','08',NULL,'BIU','SMG','$2y$10$xyCWPCgqpwhI.ZPnv7aHY.XALaCFKiULCJh0UWj9g/a9/vs8uIe5m',NULL),('MUHAMMAD DAFA ULFAQ','MUHAMMAD DAFA ULFAQ','ADMINISTRASI PDO','00',NULL,'PDO','SMG','$2y$10$GOqi2SB.5r1ji2tNTDh6QeZ3QUH5HhJZVo38MJpSzOn1x4lBChUEm',NULL),('MUHAMMAD FILLAH','MUHAMMAD FILLAH QOYYIMUL HAQ','?','08',NULL,'BIP','SMG','$2y$10$VWADLVCjimXV0Y.ksbIXRebLXbgcPeGyAbqvUOLyPS/KlcTpWZJdm',NULL),('MUHAMMAD IQBAL','MUHAMMAD IQBAL JULIANGGARA','?','08',NULL,'BIP','SMG','$2y$10$6bzexloADM70HOgXwfZJaOsYwFrhPxoN.q2hz99nqjfUYmaMut33y',NULL),('MUHAMMAD NAFIZALDI','MUHAMMAD NAFIZALDI SAPUTRA','?','08',NULL,'BIP','SMG','$2y$10$TccH2W7ptwDH1HHH7epC7uLHcexvBLbqvFC3J3y4Pc5t3opfLdcDG',NULL),('MUSAFAK','MUSAFAK','SECURITY KALIGAWE','00',NULL,'HTA','KLG','$2y$10$LiCC5XypNiEYKK3YAEifKuzSWdqTU9d3B9DiPke1QrPQejmiK3Urm',NULL),('NAJMA AULIA PRAMESTI','NAJMA AULIA PRAMESTI','?','08',NULL,'BIP','SMG','$2y$10$8auOPkNTQYnC3Yo2g4Oi2ei2SfyQK7ariqbwINQ1xxttx07fN2ynm',NULL),('NISRINA NURAINI','NISRINA NURAINI IRAWAN','?','08',NULL,'BIP','SMG','$2y$10$k/nY/W8MshKXvYjfZp2tVOwgij1gc28/QXC365CS/rThZn4WGgvzS',NULL),('NUR SAID','NUR SAID','CLEANING SERVICE','00',NULL,'KPR','KLG','$2y$10$gKNtSIoTmjAGOqYq0jncseaDdC4RbpXZCOSGnIwVA2p4dVQWokzJ6',NULL),('OKI RACHMALIA ROZI','OKI RACHMALIA ROZI','?','08',NULL,'BIP','SMG','$2y$10$Amj50SR/mdX.zouhH6RLdeVJmGiwvGbePUwQBWmN3xbvT0v6rek8S',NULL),('OKTSYAVITTO ADHITYA','OKTSYAVITTO ADHITYA NUGROHO','?','08',NULL,'BIP','SMG','$2y$10$Ce8Fg7iAGG2lo8Vq3Ny0keGtkD/svmRbEwVjMJ9flPRIT8ehSW.py',NULL),('OTIK DIARSHITA WARDANI','OTIK DIARSHITA WARDANI','?','08',NULL,'BIU','SMG','$2y$10$eFtlKuEt1GgiCUYPg/8J.ekEibMb5BJIO66/7nnf633eTATDnAwiO',NULL),('PARYANTO','PARYANTO','SECURITY PEMUDA','00',NULL,'HTA',NULL,'$2y$10$ktxgGUooHcDOeLPNMLdhWeu1HLj.4aMZ6n0RIVDk7KXlS0jHe6/AK',NULL),('PRADIPTA NIMAS','PRADIPTA NIMAS AYU PUTRI WULANDARI','?','08',NULL,'BIP','SMG','$2y$10$5.QG5.VPoZb7tKREhVf/B..tgEgI/xJMQa.6AO8q6/st1gLM/7fM6',NULL),('PRIYADI','PRIYADI','ME','00',NULL,'KPR','KLG','$2y$10$iR/Yow6N11QaM5fbe5con.L4uJqBmxRN1TaSz1lUKj7sETW9Fma2q',NULL),('PRIYANDI','PRIYANDI','SECURITY PEMUDA','00',NULL,'HTA','SMG','$2y$10$6cuyh381PLnnlvTcqKscBeahVZwZfclJ4uFCGIOBGsbB6NOc9HUnu',NULL),('PRIYANTO','PRIYANTO','SECURITY PEMUDA','00',NULL,'HTA','SMG','$2y$10$vXflshNrRgOxgNKwoYce0OEkzzuKwzb0W6tKwjls19Y1.36BnQSlu',NULL),('PUTRI SALSABILA ZAHRA','PUTRI SALSABILA ZAHRA','?','08',NULL,'BIP','SMG','$2y$10$u14vmQjZowIjQHX7glI5lOyawbzD2xgRrdl1n/fbqSDoZYL5eJRrq',NULL),('RAEHAL ANDJANI','RAEHAL ANDJANI','?','08',NULL,'BIP','SMG','$2y$10$y0RZrgNQvMEqAB6Q7RvGXOXG9gT2Ix0F6Spofe5zwRUgzMHyGxbka',NULL),('RAHMALIA PUTRI','RAHMALIA PUTRI NURJAYANTI','?','08',NULL,'BIP','SMG','$2y$10$BPlPJEpgq1HAE0LRvnoGMebWibWVakFKmCUi6bB.b9FVC5kijhfke',NULL),('RATU ARYANI HUMAIRO','RATU ARYANI HUMAIRO','?','08',NULL,'BIP','SMG','$2y$10$HeB3NctMISxjct8P2ATTsuZ/0nSmsIr6NlSkog8RgvYoNLD.Xv.n.',NULL),('REVA ANUGRAH RAMDHANA','REVA ANUGRAH RAMDHANA','INSPECTOR','08',NULL,'BIU','TGS','$2y$10$hHtXFLkLVXB/MnitjZ6IBeC33nyVNBdtzE6fsxOKM3RSiT8iAxVOO',NULL),('RIDWAN ADHI PRASETYO','RIDWAN ADHI PRASETYO','?','08',NULL,'BIP','SMG','$2y$10$DulrSp0MP8cs9UTKazbBN.wol7kNu0BKWHRu2LuKEhZmQQUwE4uWS',NULL),('RISKA DEWI','RISKA DEWI','ADMINISTRASI OPERASI','00',NULL,'EPS','KLG','$2y$10$KG7IWazPDdx73kwf2YtcneMCSD9SoEqzX7WOMdfRdq.uCI0p0twqS',NULL),('RISMA INDRIANI','RISMA INDRIANI','?','08',NULL,'BIP','SMG','$2y$10$SuCY0fuXEgxIbVoV/G3S1eVsMhE50HnSPphv5c0FjqVvyrp2rZBT2',NULL),('RIZKI AMELIA','RIZKI AMELIA','?','08',NULL,'BIP','SMG','$2y$10$z0oOcpv322HZQCTF7fBci.QHb/Fhg5dtLKTNqc8fKtLlEysve1.du',NULL),('RIZKY WAHYU SAPUTRO','RIZKY WAHYU SAPUTRO','?','08',NULL,'BIP','SMG','$2y$10$Iu.s8Dc0Rf7MMQrlV/zvDOff/y.QI4XaX1myRAodnvdbqBYov4pHq',NULL),('ROCKY SUPRAPTO','ROCKY SUPRAPTO','SECURITY KALIGAWE','00',NULL,'HTA','KLG','$2y$10$roKAltUnEhIPxBTlssoRlOi08j22ajNbGUiICEMkYbO6daU7SkEba',NULL),('ROSIDI','ROSIDI','CLEANING SERVICE','00',NULL,'KPR','KLG','$2y$10$2n/NrW3IQyzVIJ4MVwe9c.c0507MpJO0TRcHFOSBQFqTKSdMzPC26',NULL),('ROSYID','ROSYID','SECURITY PEMUDA','00',NULL,'HTA','SMG','$2y$10$D0o9QoKyjEdAQwPi1w7smeWxmHnHk/La3oP5UMJ0Qh6OzcNHL8Pcm',NULL),('SABILA RIZKY ANANDA','SABILA RIZKY ANANDA','?','08',NULL,'BIP','SMG','$2y$10$j5pe4gAySUGBOabE/v3BIuSFLYUYnYJGroAO9sciT0mhkLy3rlYBa',NULL),('SANOVIA DWITI WALIWINDU','SANOVIA DWITI WALIWINDU','?','08',NULL,'BIP','SMG','$2y$10$Z/6DOP8IO4lqxvumhZRsl.sfEiWe9r/j8fcZGgU4n9z0XvLUGmKA2',NULL),('SAYID FARID RINALDI','SAYID FARID RINALDI','ADMINSTRASI OPERASI','08',NULL,'BIU','SMG','$2y$10$m0koVLu.HrtbhnYBDg100uGrnaP14Aqv62Tj5zTpYNRzuwol47i1.',NULL),('SENA KIRANA','SENA KIRANA','INSPECTOR','08',NULL,'BIU','TGS','$2y$10$e.5yUIsWVHFuEdoOroXXjuPdZ4QmANz4KFiW.yYeuK6pcz2kVWQGm',NULL),('SHABRINA ADYSA ASTARI','SHABRINA ADYSA ASTARI','?','08',NULL,'BIP','SMG','$2y$10$25vpLYMI8SqLT1f0i2kcpOho/UQqRXy2go7l3xTNmW/iVbOY8NWUK',NULL),('SHAINADEFFA RENATA','SHAINADEFFA RENATA','?','08',NULL,'BIP','SMG','$2y$10$viEkEMWMcE53jelCWv17Nu3IVuvFuLlOVqPP7GrGVQ/ZkC5rvc25y',NULL),('SITI KHOEROTUNISA','SITI KHOEROTUNISA','ANALYS','00',NULL,'EPS','KLG','$2y$10$wvFXGoDAh3foilVTIOzyoebtb9HNCliX6taTVx85Bhfcyj/nbnUSK',NULL),('SITI NURUL FIFTHIANI','SITI NURUL FIFTHIANI DWI ANTIKA GUMILAR','?','08',NULL,'BIP','SMG','$2y$10$Q80aYaweGCF1qjrCSY0TT.zBa0fLXSOCd7suZHwE3qJObQ4BNn5uO',NULL),('SODIKIN','SODIKIN','SECURITY PEMUDA','00',NULL,'HTA','SMG','$2y$10$N8QdjdHtWrxK/JfLpcpysOqx5zOWH/vZnkWYq0YBViaGk9xybjMWK',NULL),('SRI SURYOKO','DRA. SRI SURYOKO, M.SI.','?','08',NULL,'BIP','SMG','$2y$10$1QCCHtCQv.isjUG1x2bnV.O4bV2IjA/mTMGB9SFnzrNgcTsm7gJ7e',NULL),('SRIYONO','SRIYONO','SECURITY KALIGAWE','00',NULL,'HTA','KLG','$2y$10$6ai5aOdqWBQXa.qwH3fze.kKKmCB0QhJa0i6ZSjmz3WMhPRP7IbjW',NULL),('SUBAGIYO HARDJO UTOMO','DRS. SUBAGIYO HARDJO UTOMO, M.SI.','?','08',NULL,'BIP','SMG','$2y$10$OJ.czNZkJvuM0ipW/0Ka4u9hLLkgu1xYZ2isK6j6fO5BAD5lxT5RS',NULL),('SUGENG WIDADA','SUGENG WIDADA, IR','?','08',NULL,'BIP','SMG','$2y$10$NxdczbcUfY3cGNnzqLoKZeJehJ91aC9y049K5T6F8HWJXNAH3bZN.',NULL),('SUKASNO','SUKASNO','ME','Sukasno',NULL,'KPR','SMG','$2y$10$8m8JtAo0Po5isuA1IaHtluKK4qs31bUt6pWvyMzltnKOLoWpuwBFO',NULL),('SUMARNO','SUMARNO','TENAGA KURIR','0000000000000',NULL,'DKB','SMG','$2y$10$DOg8CF0/cTcXYyAWNhXSS.U.ExfA3hfa6vtQt.Ebfwe6CZEYCdacy',NULL),('SURYA ADI NUGROHO','SURYA ADI NUGROHO','PROPERTY','08562578149',NULL,'DKB','SMG','$2y$10$5WU.SZbEoDV2/CfWegKQ..C7t4EJFwTAPNAlbWe8Qebi./eNbCsqm',NULL),('SUTRISNO','SUTRISNO','SECURITY KALIGAWE','00',NULL,'HTA','KLG','$2y$10$1YV5YdQ9BEHOswDICbSbBuiNiApYqL6gOfHcUTX2sw07mgL/0eY9a',NULL),('SUTRISNO ANGGORO','DR., IR. SUTRISNO ANGGORO','?','08',NULL,'BIP','SMG','$2y$10$CXfwoy3/Dhk3YSH2wfZwhepW1r8IGZTL/fdTt4snijvO4MdLNos26',NULL),('SUYUT','SUYUT','CLEANING SERVICE','00',NULL,'KPR','KLG','$2y$10$NEHK98yqE6.tZOD6kLDaP.iqFOV6DamsoOmP/30XbL8VyysFc0L3O',NULL),('TEGUH HERMAWAN','TEGUH HERMAWAN','INSPECTOR','08',NULL,'BIU','TGS','$2y$10$ryZeG9wIXwH2T2v/1wp2/.WIVutPhCiMjmqqcQXN3.6.1/w4xzw0i',NULL),('TEGUH MUJIYANTO','TEGUH MUJIYANTO','SECURITY PEMUDA','00',NULL,'HTA','SMG','$2y$10$lwFRB7lpc5C/faZRAVxHBOhbWiTJ64ygtCf8vBQHsIAZczGZ1kRFu',NULL),('THEMA ARRISALDI','THEMA ARRISALDI','?','08',NULL,'BIP','SMG','$2y$10$ag9CCbX78GZNgz.cBrkkGe17USYI.uB/wG4AN9IGhq/Fji7PA2Zye',NULL),('TITO HASNA SANIY','TITO HASNA SANIY','?','08',NULL,'BIP','SMG','$2y$10$oRM45Afv2FFVmJLIa16txuR/zrQHnIsfNgE9r1zn5pg6vGmOnvlce',NULL),('TITON PANDU IRAWAN','A TITON PANDU IRAWAN','?','08',NULL,'BIU','SMG','$2y$10$kiNY6yR.Nc8WTLNRhFpfleZC9rCU77Qz9H48xx2u2YqTzTLMVp1ni',NULL),('TOMY','TOMY','SECURITY KALIGAWE','00',NULL,'HTA','KLG','$2y$10$9WxYXMIWrvHz7DRyeBZT9OZRHO5QlTfrHi7GkGwo1cU5eN/IRFKt2',NULL),('UNTUNG SUTRISNO','UNTUNG SUTRISNO','INSPECTOR','00',NULL,'SRK','TGS','$2y$10$tDvh8RYao/o1T46h4f2UdO2oE7GMuJNnXXDYVt72uyBH1hqfl7MHi',NULL),('UUS USWATUN HASANAH','UUS USWATUN HASANAH','?','08',NULL,'BIP','SMG','$2y$10$Kyi/qf1h9294wPqMlMzDX.2hAVmIp2B0KmKtEiXdBNwvhHdl6haUy',NULL),('VALES INTIFADA','VALES INTIFADA','INSPECTOR','08',NULL,'SRK','TGS','$2y$10$XnRGe5r4Cx6TPlqOYJzVpe7caYcaOPBHEOlFfcVgXYCK7Pts56gQK',NULL),('VELY WATI PURBA','VELY WATI PURBA','?','08',NULL,'BIP','SMG','$2y$10$IvwmbsNAr5AuHtdcQT/.r.BZ6fhoV2PPTRjloPrx747wOF3kV0tKu',NULL),('VERIKA DAMAYANTI','VERIKA DAMAYANTI','?','08',NULL,'BIP','SMG','$2y$10$KndA63YzsQJaa6Lo0BWa.utTF./dVvUFOH/qPLW28wdzXzFAZDF26',NULL),('WIDODO SEPTIANTO','WIDODO SEPTIANTO','ADMINISTRASI OPERASI','08',NULL,'BIU','TGS','$2y$10$3WPl/H9T5q7EfWQR5hkPh.eEd/aC/QA2j3bESbFXSRnKap637rnRy',NULL),('YAYUK ZULFATUSSAADAH','YAYUK ZULFATUSSAADAH','?','08',NULL,'BIP','SMG','$2y$10$nxr7ONFNq0tGhywJXrmyou.e5rAjdRAXI0SBLXBdqVPuvm4OuVmR.',NULL),('YOHANES EKO WALUYO','YOHANES EKO WALUYO','CLEANING SERVICE','00',NULL,'KPR','SMG','$2y$10$q2CeOjuX4mrcnFBTE/T64O52difp5lCZolZ/eQZM4noBATuyh0k06',NULL),('YUDHI ARYO PAMUNGKAS','YUDHI ARYO PAMUNGKAS','ADMINISTRASI OPERASI','08','YUDHI ARYO PAMUNGKAS.jpg','BIU','SMG','$2y$10$K3RCN.bFYiqyWRRkg24iQ.5cypbDIy6oLLvHFCkoKBz589OCWarRm',NULL),('YUNINGTYAS SETYOWATI','E. YUNINGTYAS SETYOWATI','?','08',NULL,'BIP','SMG','$2y$10$h5AbS.rxxwnmtg7tPbwhA.zRgtaEXEIYjrydYTyIIa20dIJu6yJA2',NULL);
/*!40000 ALTER TABLE `karyawan` ENABLE KEYS */;
UNLOCK TABLES;

--
-- Table structure for table `konfigurasi_jamkerja`
--

DROP TABLE IF EXISTS `konfigurasi_jamkerja`;
/*!40101 SET @saved_cs_client     = @@character_set_client */;
/*!50503 SET character_set_client = utf8mb4 */;
CREATE TABLE `konfigurasi_jamkerja` (
  `nik` char(255) DEFAULT NULL,
  `hari` varchar(10) DEFAULT NULL,
  `kode_jam_kerja` char(4) DEFAULT NULL
) ENGINE=InnoDB DEFAULT CHARSET=latin1 ROW_FORMAT=DYNAMIC;
/*!40101 SET character_set_client = @saved_cs_client */;

--
-- Dumping data for table `konfigurasi_jamkerja`
--

LOCK TABLES `konfigurasi_jamkerja` WRITE;
/*!40000 ALTER TABLE `konfigurasi_jamkerja` DISABLE KEYS */;
INSERT INTO `konfigurasi_jamkerja` VALUES ('SURYA ADI NUGROHO','Senin','KRJ'),('SURYA ADI NUGROHO','Selasa','KRJ'),('SURYA ADI NUGROHO','Rabu','KRJ'),('SURYA ADI NUGROHO','Kamis','KRJ'),('SURYA ADI NUGROHO','Jumat','KRJ'),('SURYA ADI NUGROHO','Sabtu','KRJ'),('ABDUL KHARIS','Senin','KRJ'),('ABDUL KHARIS','Selasa','KRJ'),('ABDUL KHARIS','Rabu','KRJ'),('ABDUL KHARIS','Kamis','KRJ'),('ABDUL KHARIS','Jumat','KRJ'),('ABDUL KHARIS','Sabtu','KRJ'),('SUMARNO','Senin','KRJ'),('SUMARNO','Selasa','KRJ'),('SUMARNO','Rabu','KRJ'),('SUMARNO','Kamis','KRJ'),('SUMARNO','Jumat','KRJ'),('SUMARNO','Sabtu','KRJ'),('ALBI ALIF IKHSAN','Senin','KRJ'),('ALBI ALIF IKHSAN','Selasa','KRJ'),('ALBI ALIF IKHSAN','Rabu','KRJ'),('ALBI ALIF IKHSAN','Kamis','KRJ'),('ALBI ALIF IKHSAN','Jumat','KRJ'),('ALBI ALIF IKHSAN','Sabtu','KRJ'),('DANI ADHI NUGROHO','Senin','KRJ'),('DANI ADHI NUGROHO','Selasa','KRJ'),('DANI ADHI NUGROHO','Rabu','KRJ'),('DANI ADHI NUGROHO','Kamis','KRJ'),('DANI ADHI NUGROHO','Jumat','KRJ'),('DANI ADHI NUGROHO','Sabtu','KRJ'),('DIDIK EKO','Senin','KRJ'),('DIDIK EKO','Selasa','KRJ'),('DIDIK EKO','Rabu','KRJ'),('DIDIK EKO','Kamis','KRJ'),('DIDIK EKO','Jumat','KRJ'),('DIDIK EKO','Sabtu','KRJ'),('HAPSORO JAYANINGPRANG','Senin','KRJ'),('HAPSORO JAYANINGPRANG','Selasa','KRJ'),('HAPSORO JAYANINGPRANG','Rabu','KRJ'),('HAPSORO JAYANINGPRANG','Kamis','KRJ'),('HAPSORO JAYANINGPRANG','Jumat','KRJ'),('HAPSORO JAYANINGPRANG','Sabtu','KRJ'),('MIFTAHUL ALIM','Senin','KRJ'),('MIFTAHUL ALIM','Selasa','KRJ'),('MIFTAHUL ALIM','Rabu','KRJ'),('MIFTAHUL ALIM','Kamis','KRJ'),('MIFTAHUL ALIM','Jumat','KRJ'),('MIFTAHUL ALIM','Sabtu','KRJ'),('SAYID FARID RINALDI','Senin','KRJ'),('SAYID FARID RINALDI','Selasa','KRJ'),('SAYID FARID RINALDI','Rabu','KRJ'),('SAYID FARID RINALDI','Kamis','KRJ'),('SAYID FARID RINALDI','Jumat','KRJ'),('SAYID FARID RINALDI','Sabtu','KRJ'),('TEGUH HERMAWAN','Senin','KRJ'),('TEGUH HERMAWAN','Selasa','KRJ'),('TEGUH HERMAWAN','Rabu','KRJ'),('TEGUH HERMAWAN','Kamis','KRJ'),('TEGUH HERMAWAN','Jumat','KRJ'),('TEGUH HERMAWAN','Sabtu','KRJ'),('AGUS WIRATMODJO','Senin','KRJ'),('AGUS WIRATMODJO','Selasa','KRJ'),('AGUS WIRATMODJO','Rabu','KRJ'),('AGUS WIRATMODJO','Kamis','KRJ'),('AGUS WIRATMODJO','Jumat','KRJ'),('AGUS WIRATMODJO','Sabtu','KRJ'),('ENANG WIJANARKO','Senin','KRJ'),('ENANG WIJANARKO','Selasa','KRJ'),('ENANG WIJANARKO','Rabu','KRJ'),('ENANG WIJANARKO','Kamis','KRJ'),('ENANG WIJANARKO','Jumat','KRJ'),('ENANG WIJANARKO','Sabtu','KRJ'),('MUHAMMAD DAFA ULFAQ','Senin','KRJ'),('MUHAMMAD DAFA ULFAQ','Selasa','KRJ'),('MUHAMMAD DAFA ULFAQ','Rabu','KRJ'),('MUHAMMAD DAFA ULFAQ','Kamis','KRJ'),('MUHAMMAD DAFA ULFAQ','Jumat','KRJ'),('MUHAMMAD DAFA ULFAQ','Sabtu','KRJ'),('REVA ANUGRAH RAMDHANA','Senin','KRJ'),('REVA ANUGRAH RAMDHANA','Selasa','KRJ'),('REVA ANUGRAH RAMDHANA','Rabu','KRJ'),('REVA ANUGRAH RAMDHANA','Kamis','KRJ'),('REVA ANUGRAH RAMDHANA','Jumat','KRJ'),('REVA ANUGRAH RAMDHANA','Sabtu','KRJ'),('UNTUNG SUTRISNO','Senin','KRJ'),('UNTUNG SUTRISNO','Selasa','KRJ'),('UNTUNG SUTRISNO','Rabu','KRJ'),('UNTUNG SUTRISNO','Kamis','KRJ'),('UNTUNG SUTRISNO','Jumat','KRJ'),('UNTUNG SUTRISNO','Sabtu','KRJ'),('VALES INTIFADA','Senin','KRJ'),('VALES INTIFADA','Selasa','KRJ'),('VALES INTIFADA','Rabu','KRJ'),('VALES INTIFADA','Kamis','KRJ'),('VALES INTIFADA','Jumat','KRJ'),('VALES INTIFADA','Sabtu','KRJ'),('WIDODO SEPTIANTO','Senin','KRJ'),('WIDODO SEPTIANTO','Selasa','KRJ'),('WIDODO SEPTIANTO','Rabu','KRJ'),('WIDODO SEPTIANTO','Kamis','KRJ'),('WIDODO SEPTIANTO','Jumat','KRJ'),('WIDODO SEPTIANTO','Sabtu','KRJ'),('SENA KIRANA','Senin','KRJ'),('SENA KIRANA','Selasa','KRJ'),('SENA KIRANA','Rabu','KRJ'),('SENA KIRANA','Kamis','KRJ'),('SENA KIRANA','Jumat','KRJ'),('SENA KIRANA','Sabtu','KRJ'),('HERMAWAN AJI BAGASKORO','Senin','KRJ'),('HERMAWAN AJI BAGASKORO','Selasa','KRJ'),('HERMAWAN AJI BAGASKORO','Rabu','KRJ'),('HERMAWAN AJI BAGASKORO','Kamis','KRJ'),('HERMAWAN AJI BAGASKORO','Jumat','KRJ'),('HERMAWAN AJI BAGASKORO','Sabtu','KRJ'),('DEDI SUSANTO','Senin','KRJ'),('DEDI SUSANTO','Selasa','KRJ'),('DEDI SUSANTO','Rabu','KRJ'),('DEDI SUSANTO','Kamis','KRJ'),('DEDI SUSANTO','Jumat','KRJ'),('DEDI SUSANTO','Sabtu','KRJ'),('KRISWANTO','Senin','KRJ'),('KRISWANTO','Selasa','KRJ'),('KRISWANTO','Rabu','KRJ'),('KRISWANTO','Kamis','KRJ'),('KRISWANTO','Jumat','KRJ'),('KRISWANTO','Sabtu','KRJ'),('MARDIYANTO','Senin','KRJ'),('MARDIYANTO','Selasa','KRJ'),('MARDIYANTO','Rabu','KRJ'),('MARDIYANTO','Kamis','KRJ'),('MARDIYANTO','Jumat','KRJ'),('MARDIYANTO','Sabtu','KRJ'),('MUHAMAD NURUL HUDA','Senin','KRJ'),('MUHAMAD NURUL HUDA','Selasa','KRJ'),('MUHAMAD NURUL HUDA','Rabu','KRJ'),('MUHAMAD NURUL HUDA','Kamis','KRJ'),('MUHAMAD NURUL HUDA','Jumat','KRJ'),('MUHAMAD NURUL HUDA','Sabtu','KRJ'),('NUR SAID','Senin','KRJ'),('NUR SAID','Selasa','KRJ'),('NUR SAID','Rabu','KRJ'),('NUR SAID','Kamis','KRJ'),('NUR SAID','Jumat','KRJ'),('NUR SAID','Sabtu','KRJ'),('ROSIDI','Senin','KRJ'),('ROSIDI','Selasa','KRJ'),('ROSIDI','Rabu','KRJ'),('ROSIDI','Kamis','KRJ'),('ROSIDI','Jumat','KRJ'),('ROSIDI','Sabtu','KRJ'),('SUYUT','Senin','KRJ'),('SUYUT','Selasa','KRJ'),('SUYUT','Rabu','KRJ'),('SUYUT','Kamis','KRJ'),('SUYUT','Jumat','KRJ'),('SUYUT','Sabtu','KRJ'),('YOHANES EKO WALUYO','Senin','KRJ'),('YOHANES EKO WALUYO','Selasa','KRJ'),('YOHANES EKO WALUYO','Rabu','KRJ'),('YOHANES EKO WALUYO','Kamis','KRJ'),('YOHANES EKO WALUYO','Jumat','KRJ'),('YOHANES EKO WALUYO','Sabtu','KRJ'),('AGUS RIYANTO','Senin','KRJ'),('AGUS RIYANTO','Selasa','KRJ'),('AGUS RIYANTO','Rabu','KRJ'),('AGUS RIYANTO','Kamis','KRJ'),('AGUS RIYANTO','Jumat','KRJ'),('AGUS RIYANTO','Sabtu','KRJ'),('EDY MULYONO','Senin','KRJ'),('EDY MULYONO','Selasa','KRJ'),('EDY MULYONO','Rabu','KRJ'),('EDY MULYONO','Kamis','KRJ'),('EDY MULYONO','Jumat','KRJ'),('EDY MULYONO','Sabtu','KRJ'),('PRIYADI','Senin','KRJ'),('PRIYADI','Selasa','KRJ'),('PRIYADI','Rabu','KRJ'),('PRIYADI','Kamis','KRJ'),('PRIYADI','Jumat','KRJ'),('PRIYADI','Sabtu','KRJ'),('SUKASNO','Senin','KRJ'),('SUKASNO','Selasa','KRJ'),('SUKASNO','Rabu','KRJ'),('SUKASNO','Kamis','KRJ'),('SUKASNO','Jumat','KRJ'),('SUKASNO','Sabtu','KRJ'),('ISEH MUHAMMAD ZAENAL','Senin','KRJ'),('ISEH MUHAMMAD ZAENAL','Selasa','KRJ'),('ISEH MUHAMMAD ZAENAL','Rabu','KRJ'),('ISEH MUHAMMAD ZAENAL','Kamis','KRJ'),('ISEH MUHAMMAD ZAENAL','Jumat','KRJ'),('ISEH MUHAMMAD ZAENAL','Sabtu','KRJ'),('SITI KHOEROTUNISA','Senin','KRJ'),('SITI KHOEROTUNISA','Selasa','KRJ'),('SITI KHOEROTUNISA','Rabu','KRJ'),('SITI KHOEROTUNISA','Kamis','KRJ'),('SITI KHOEROTUNISA','Jumat','KRJ'),('SITI KHOEROTUNISA','Sabtu','KRJ'),('RISKA DEWI','Senin','KRJ'),('RISKA DEWI','Selasa','KRJ'),('RISKA DEWI','Rabu','KRJ'),('RISKA DEWI','Kamis','KRJ'),('RISKA DEWI','Jumat','KRJ'),('RISKA DEWI','Sabtu','KRJ'),('FIFI RAHMAWATI','Senin','KRJ'),('FIFI RAHMAWATI','Selasa','KRJ'),('FIFI RAHMAWATI','Rabu','KRJ'),('FIFI RAHMAWATI','Kamis','KRJ'),('FIFI RAHMAWATI','Jumat','KRJ'),('FIFI RAHMAWATI','Sabtu','KRJ'),('LINDA SABATWATI','Senin','KRJ'),('LINDA SABATWATI','Selasa','KRJ'),('LINDA SABATWATI','Rabu','KRJ'),('LINDA SABATWATI','Kamis','KRJ'),('LINDA SABATWATI','Jumat','KRJ'),('LINDA SABATWATI','Sabtu','KRJ'),('YUDHI ARYO PAMUNGKAS','Senin','KRJ'),('YUDHI ARYO PAMUNGKAS','Selasa','KRJ'),('YUDHI ARYO PAMUNGKAS','Rabu','KRJ'),('YUDHI ARYO PAMUNGKAS','Kamis','KRJ'),('YUDHI ARYO PAMUNGKAS','Jumat','KRJ'),('YUDHI ARYO PAMUNGKAS','Sabtu','KRJ'),('TITON PANDU IRAWAN','Senin','KRJ'),('TITON PANDU IRAWAN','Selasa','KRJ'),('TITON PANDU IRAWAN','Rabu','KRJ'),('TITON PANDU IRAWAN','Kamis','KRJ'),('TITON PANDU IRAWAN','Jumat','KRJ'),('TITON PANDU IRAWAN','Sabtu','KRJ'),('TITON PANDU IRAWAN','Senin','KRJ'),('TITON PANDU IRAWAN','Selasa','KRJ'),('TITON PANDU IRAWAN','Rabu','KRJ'),('TITON PANDU IRAWAN','Kamis','KRJ'),('TITON PANDU IRAWAN','Jumat','KRJ'),('TITON PANDU IRAWAN','Sabtu','KRJ'),('TITON PANDU IRAWAN','Senin','KRJ'),('TITON PANDU IRAWAN','Selasa','KRJ'),('TITON PANDU IRAWAN','Rabu','KRJ'),('TITON PANDU IRAWAN','Kamis','KRJ'),('TITON PANDU IRAWAN','Jumat','KRJ'),('TITON PANDU IRAWAN','Sabtu','KRJ'),('TITON PANDU IRAWAN','Senin','KRJ'),('TITON PANDU IRAWAN','Selasa','KRJ'),('TITON PANDU IRAWAN','Rabu','KRJ'),('TITON PANDU IRAWAN','Kamis','KRJ'),('TITON PANDU IRAWAN','Jumat','KRJ'),('TITON PANDU IRAWAN','Sabtu','KRJ'),('AGNESYA LEONITA','Senin','KRJ'),('AGNESYA LEONITA','Selasa','KRJ'),('AGNESYA LEONITA','Rabu','KRJ'),('AGNESYA LEONITA','Kamis','KRJ'),('AGNESYA LEONITA','Jumat','KRJ'),('AGNESYA LEONITA','Sabtu','KRJ'),('MUHAMMAD DAFA','Senin','KRJ'),('MUHAMMAD DAFA','Selasa','KRJ'),('MUHAMMAD DAFA','Rabu','KRJ'),('MUHAMMAD DAFA','Kamis','KRJ'),('MUHAMMAD DAFA','Jumat','KRJ'),('MUHAMMAD DAFA','Sabtu','KRJ'),('OTIK DIARSHITA WARDANI','Senin','KRJ'),('OTIK DIARSHITA WARDANI','Selasa','KRJ'),('OTIK DIARSHITA WARDANI','Rabu','KRJ'),('OTIK DIARSHITA WARDANI','Kamis','KRJ'),('OTIK DIARSHITA WARDANI','Jumat','KRJ'),('OTIK DIARSHITA WARDANI','Sabtu','KRJ'),('AILSA ADZANI ZATADINI','Senin','KRJ'),('AILSA ADZANI ZATADINI','Selasa','KRJ'),('AILSA ADZANI ZATADINI','Rabu','KRJ'),('AILSA ADZANI ZATADINI','Kamis','KRJ'),('AILSA ADZANI ZATADINI','Jumat','KRJ'),('AILSA ADZANI ZATADINI','Sabtu','KRJ'),('MUHAMMAD ADHIM','Senin','KRJ'),('MUHAMMAD ADHIM','Selasa','KRJ'),('MUHAMMAD ADHIM','Rabu','KRJ'),('MUHAMMAD ADHIM','Kamis','KRJ'),('MUHAMMAD ADHIM','Jumat','KRJ'),('MUHAMMAD ADHIM','Sabtu','KRJ'),('AGUS HADIYARTO','Senin','KRJ'),('AGUS HADIYARTO','Selasa','KRJ'),('AGUS HADIYARTO','Rabu','KRJ'),('AGUS HADIYARTO','Kamis','KRJ'),('AGUS HADIYARTO','Jumat','KRJ'),('AGUS HADIYARTO','Sabtu','KRJ'),('DIAH ANGGIT','Senin','KRJ'),('DIAH ANGGIT','Selasa','KRJ'),('DIAH ANGGIT','Rabu','KRJ'),('DIAH ANGGIT','Kamis','KRJ'),('DIAH ANGGIT','Jumat','KRJ'),('DIAH ANGGIT','Sabtu','KRJ'),('DODIK PRAMONO','Senin','KRJ'),('DODIK PRAMONO','Selasa','KRJ'),('DODIK PRAMONO','Rabu','KRJ'),('DODIK PRAMONO','Kamis','KRJ'),('DODIK PRAMONO','Jumat','KRJ'),('DODIK PRAMONO','Sabtu','KRJ'),('SUTRISNO ANGGORO','Senin','KRJ'),('SUTRISNO ANGGORO','Selasa','KRJ'),('SUTRISNO ANGGORO','Rabu','KRJ'),('SUTRISNO ANGGORO','Kamis','KRJ'),('SUTRISNO ANGGORO','Jumat','KRJ'),('SUTRISNO ANGGORO','Sabtu','KRJ'),('SRI SURYOKO','Senin','KRJ'),('SRI SURYOKO','Selasa','KRJ'),('SRI SURYOKO','Rabu','KRJ'),('SRI SURYOKO','Kamis','KRJ'),('SRI SURYOKO','Jumat','KRJ'),('SRI SURYOKO','Sabtu','KRJ'),('SUBAGIYO HARDJO UTOMO','Senin','KRJ'),('SUBAGIYO HARDJO UTOMO','Selasa','KRJ'),('SUBAGIYO HARDJO UTOMO','Rabu','KRJ'),('SUBAGIYO HARDJO UTOMO','Kamis','KRJ'),('SUBAGIYO HARDJO UTOMO','Jumat','KRJ'),('SUBAGIYO HARDJO UTOMO','Sabtu','KRJ'),('INDRO SUMANTRI','Senin','KRJ'),('INDRO SUMANTRI','Selasa','KRJ'),('INDRO SUMANTRI','Rabu','KRJ'),('INDRO SUMANTRI','Kamis','KRJ'),('INDRO SUMANTRI','Jumat','KRJ'),('INDRO SUMANTRI','Sabtu','KRJ'),('SUGENG WIDADA','Senin','KRJ'),('SUGENG WIDADA','Selasa','KRJ'),('SUGENG WIDADA','Rabu','KRJ'),('SUGENG WIDADA','Kamis','KRJ'),('SUGENG WIDADA','Jumat','KRJ'),('SUGENG WIDADA','Sabtu','KRJ'),('ADINDA PUTRA YUWONO','Senin','KRJ'),('ADINDA PUTRA YUWONO','Selasa','KRJ'),('ADINDA PUTRA YUWONO','Rabu','KRJ'),('ADINDA PUTRA YUWONO','Kamis','KRJ'),('ADINDA PUTRA YUWONO','Jumat','KRJ'),('ADINDA PUTRA YUWONO','Sabtu','KRJ'),('ADINDA RAGIL SAPUTRI','Senin','KRJ'),('ADINDA RAGIL SAPUTRI','Selasa','KRJ'),('ADINDA RAGIL SAPUTRI','Rabu','KRJ'),('ADINDA RAGIL SAPUTRI','Kamis','KRJ'),('ADINDA RAGIL SAPUTRI','Jumat','KRJ'),('ADINDA RAGIL SAPUTRI','Sabtu','KRJ'),('AISHA HARDINA','Senin','KRJ'),('AISHA HARDINA','Selasa','KRJ'),('AISHA HARDINA','Rabu','KRJ'),('AISHA HARDINA','Kamis','KRJ'),('AISHA HARDINA','Jumat','KRJ'),('AISHA HARDINA','Sabtu','KRJ'),('ALINDA ASTRIANI','Senin','KRJ'),('ALINDA ASTRIANI','Selasa','KRJ'),('ALINDA ASTRIANI','Rabu','KRJ'),('ALINDA ASTRIANI','Kamis','KRJ'),('ALINDA ASTRIANI','Jumat','KRJ'),('ALINDA ASTRIANI','Sabtu','KRJ'),('ANDRIANI SILFIANA','Senin','KRJ'),('ANDRIANI SILFIANA','Selasa','KRJ'),('ANDRIANI SILFIANA','Rabu','KRJ'),('ANDRIANI SILFIANA','Kamis','KRJ'),('ANDRIANI SILFIANA','Jumat','KRJ'),('ANDRIANI SILFIANA','Sabtu','KRJ'),('AMELIA ROSALINA PUTRI','Senin','KRJ'),('AMELIA ROSALINA PUTRI','Selasa','KRJ'),('AMELIA ROSALINA PUTRI','Rabu','KRJ'),('AMELIA ROSALINA PUTRI','Kamis','KRJ'),('AMELIA ROSALINA PUTRI','Jumat','KRJ'),('AMELIA ROSALINA PUTRI','Sabtu','KRJ'),('ANGGITA FITRIANI','Senin','STP'),('ANGGITA FITRIANI','Selasa','KRJ'),('ANGGITA FITRIANI','Rabu','KRJ'),('ANGGITA FITRIANI','Kamis','KRJ'),('ANGGITA FITRIANI','Jumat','KRJ'),('ANGGITA FITRIANI','Sabtu','KRJ'),('ANNISA AULIA','Senin','KRJ'),('ANNISA AULIA','Selasa','KRJ'),('ANNISA AULIA','Rabu','KRJ'),('ANNISA AULIA','Kamis','KRJ'),('ANNISA AULIA','Jumat','KRJ'),('ANNISA AULIA','Sabtu','KRJ'),('ANNISA PUTRI SETIANINGRUM','Senin','KRJ'),('ANNISA PUTRI SETIANINGRUM','Selasa','KRJ'),('ANNISA PUTRI SETIANINGRUM','Rabu','KRJ'),('ANNISA PUTRI SETIANINGRUM','Kamis','KRJ'),('ANNISA PUTRI SETIANINGRUM','Jumat','KRJ'),('ANNISA PUTRI SETIANINGRUM','Sabtu','KRJ'),('ANNISSA AMALIA ARDIYANTI','Senin','KRJ'),('ANNISSA AMALIA ARDIYANTI','Selasa','KRJ'),('ANNISSA AMALIA ARDIYANTI','Rabu','KRJ'),('ANNISSA AMALIA ARDIYANTI','Kamis','KRJ'),('ANNISSA AMALIA ARDIYANTI','Jumat','KRJ'),('ANNISSA AMALIA ARDIYANTI','Sabtu','KRJ'),('ARIFA SOFIA PUTRI','Senin','KRJ'),('ARIFA SOFIA PUTRI','Selasa','KRJ'),('ARIFA SOFIA PUTRI','Rabu','KRJ'),('ARIFA SOFIA PUTRI','Kamis','KRJ'),('ARIFA SOFIA PUTRI','Jumat','KRJ'),('ARIFA SOFIA PUTRI','Sabtu','KRJ'),('ASTINA ARYADI','Senin','KRJ'),('ASTINA ARYADI','Selasa','KRJ'),('ASTINA ARYADI','Rabu','KRJ'),('ASTINA ARYADI','Kamis','KRJ'),('ASTINA ARYADI','Jumat','KRJ'),('ASTINA ARYADI','Sabtu','KRJ'),('ATHAYA KHAIRUNNISA','Senin','KRJ'),('ATHAYA KHAIRUNNISA','Selasa','KRJ'),('ATHAYA KHAIRUNNISA','Rabu','KRJ'),('ATHAYA KHAIRUNNISA','Kamis','KRJ'),('ATHAYA KHAIRUNNISA','Jumat','KRJ'),('ATHAYA KHAIRUNNISA','Sabtu','KRJ'),('AZURA MUZDALIFAH ISTIQOMAH','Senin','KRJ'),('AZURA MUZDALIFAH ISTIQOMAH','Selasa','KRJ'),('AZURA MUZDALIFAH ISTIQOMAH','Rabu','KRJ'),('AZURA MUZDALIFAH ISTIQOMAH','Kamis','KRJ'),('AZURA MUZDALIFAH ISTIQOMAH','Jumat','KRJ'),('AZURA MUZDALIFAH ISTIQOMAH','Sabtu','KRJ'),('BERLIANA AULIA PERMATASARI','Senin','KRJ'),('BERLIANA AULIA PERMATASARI','Selasa','KRJ'),('BERLIANA AULIA PERMATASARI','Rabu','KRJ'),('BERLIANA AULIA PERMATASARI','Kamis','KRJ'),('BERLIANA AULIA PERMATASARI','Jumat','KRJ'),('BERLIANA AULIA PERMATASARI','Sabtu','KRJ'),('CITRA RAHAYU','Senin','KRJ'),('CITRA RAHAYU','Selasa','KRJ'),('CITRA RAHAYU','Rabu','KRJ'),('CITRA RAHAYU','Kamis','KRJ'),('CITRA RAHAYU','Jumat','KRJ'),('CITRA RAHAYU','Sabtu','KRJ'),('DEVI NURKHAYATI','Senin','KRJ'),('DEVI NURKHAYATI','Selasa','KRJ'),('DEVI NURKHAYATI','Rabu','KRJ'),('DEVI NURKHAYATI','Kamis','KRJ'),('DEVI NURKHAYATI','Jumat','KRJ'),('DEVI NURKHAYATI','Sabtu','KRJ'),('DEVITA ADITYA','Senin','KRJ'),('DEVITA ADITYA','Selasa','KRJ'),('DEVITA ADITYA','Rabu','KRJ'),('DEVITA ADITYA','Kamis','KRJ'),('DEVITA ADITYA','Jumat','KRJ'),('DEVITA ADITYA','Sabtu','KRJ'),('DHIA KHAIRULLAH RISKY','Senin','KRJ'),('DHIA KHAIRULLAH RISKY','Selasa','KRJ'),('DHIA KHAIRULLAH RISKY','Rabu','KRJ'),('DHIA KHAIRULLAH RISKY','Kamis','KRJ'),('DHIA KHAIRULLAH RISKY','Jumat','KRJ'),('DHIA KHAIRULLAH RISKY','Sabtu','KRJ'),('DINI KARIMAH','Senin','KRJ'),('DINI KARIMAH','Selasa','KRJ'),('DINI KARIMAH','Rabu','KRJ'),('DINI KARIMAH','Kamis','KRJ'),('DINI KARIMAH','Jumat','KRJ'),('DINI KARIMAH','Sabtu','KRJ'),('ERSA SALSA  FEBRIYOLA','Senin','KRJ'),('ERSA SALSA  FEBRIYOLA','Selasa','KRJ'),('ERSA SALSA  FEBRIYOLA','Rabu','KRJ'),('ERSA SALSA  FEBRIYOLA','Kamis','KRJ'),('ERSA SALSA  FEBRIYOLA','Jumat','KRJ'),('ERSA SALSA  FEBRIYOLA','Sabtu','KRJ'),('FADIYA SALSABILA','Senin','KRJ'),('FADIYA SALSABILA','Selasa','KRJ'),('FADIYA SALSABILA','Rabu','KRJ'),('FADIYA SALSABILA','Kamis','KRJ'),('FADIYA SALSABILA','Jumat','KRJ'),('FADIYA SALSABILA','Sabtu','KRJ'),('FAIZA AZZAHRA','Senin','KRJ'),('FAIZA AZZAHRA','Selasa','KRJ'),('FAIZA AZZAHRA','Rabu','KRJ'),('FAIZA AZZAHRA','Kamis','KRJ'),('FAIZA AZZAHRA','Jumat','KRJ'),('FAIZA AZZAHRA','Sabtu','KRJ'),('FATMA ZIADATI HUSNA','Senin','KRJ'),('FATMA ZIADATI HUSNA','Selasa','KRJ'),('FATMA ZIADATI HUSNA','Rabu','STP'),('FATMA ZIADATI HUSNA','Kamis','KRJ'),('FATMA ZIADATI HUSNA','Jumat','KRJ'),('FATMA ZIADATI HUSNA','Sabtu','KRJ'),('FIKA AISYAH KUSUMA','Senin','KRJ'),('FIKA AISYAH KUSUMA','Selasa','KRJ'),('FIKA AISYAH KUSUMA','Rabu','KRJ'),('FIKA AISYAH KUSUMA','Kamis','KRJ'),('FIKA AISYAH KUSUMA','Jumat','KRJ'),('FIKA AISYAH KUSUMA','Sabtu','KRJ'),('HAEKAL AWLIYA','Senin','KRJ'),('HAEKAL AWLIYA','Selasa','KRJ'),('HAEKAL AWLIYA','Rabu','KRJ'),('HAEKAL AWLIYA','Kamis','KRJ'),('HAEKAL AWLIYA','Jumat','KRJ'),('HAEKAL AWLIYA','Sabtu','KRJ'),('HAMDA EZRA SHAUMA','Senin','KRJ'),('HAMDA EZRA SHAUMA','Selasa','KRJ'),('HAMDA EZRA SHAUMA','Rabu','KRJ'),('HAMDA EZRA SHAUMA','Kamis','KRJ'),('HAMDA EZRA SHAUMA','Jumat','KRJ'),('HAMDA EZRA SHAUMA','Sabtu','KRJ'),('HARSYA GIRAS HASFIAWAN','Senin','KRJ'),('HARSYA GIRAS HASFIAWAN','Selasa','KRJ'),('HARSYA GIRAS HASFIAWAN','Rabu','KRJ'),('HARSYA GIRAS HASFIAWAN','Kamis','KRJ'),('HARSYA GIRAS HASFIAWAN','Jumat','KRJ'),('HARSYA GIRAS HASFIAWAN','Sabtu','KRJ'),('HIBATIN WAFIROH','Senin','KRJ'),('HIBATIN WAFIROH','Selasa','KRJ'),('HIBATIN WAFIROH','Rabu','KRJ'),('HIBATIN WAFIROH','Kamis','KRJ'),('HIBATIN WAFIROH','Jumat','KRJ'),('HIBATIN WAFIROH','Sabtu','KRJ'),('INSANI LARASATI ALZAHRA','Senin','KRJ'),('INSANI LARASATI ALZAHRA','Selasa','KRJ'),('INSANI LARASATI ALZAHRA','Rabu','KRJ'),('INSANI LARASATI ALZAHRA','Kamis','KRJ'),('INSANI LARASATI ALZAHRA','Jumat','KRJ'),('INSANI LARASATI ALZAHRA','Sabtu','KRJ'),('IZZATUL HAQUE MIZANI','Senin','KRJ'),('IZZATUL HAQUE MIZANI','Selasa','KRJ'),('IZZATUL HAQUE MIZANI','Rabu','KRJ'),('IZZATUL HAQUE MIZANI','Kamis','KRJ'),('IZZATUL HAQUE MIZANI','Jumat','KRJ'),('IZZATUL HAQUE MIZANI','Sabtu','KRJ'),('JANE IVANA','Senin','KRJ'),('JANE IVANA','Selasa','KRJ'),('JANE IVANA','Rabu','KRJ'),('JANE IVANA','Kamis','KRJ'),('JANE IVANA','Jumat','KRJ'),('JANE IVANA','Sabtu','KRJ'),('JUNITA','Senin','KRJ'),('JUNITA','Selasa','KRJ'),('JUNITA','Rabu','KRJ'),('JUNITA','Kamis','KRJ'),('JUNITA','Jumat','KRJ'),('JUNITA','Sabtu','KRJ'),('KEZIA ANDIN','Senin','KRJ'),('KEZIA ANDIN','Selasa','KRJ'),('KEZIA ANDIN','Rabu','KRJ'),('KEZIA ANDIN','Kamis','KRJ'),('KEZIA ANDIN','Jumat','KRJ'),('KEZIA ANDIN','Sabtu','KRJ'),('LARAS ATAINA SAFFANAH','Senin','KRJ'),('LARAS ATAINA SAFFANAH','Selasa','KRJ'),('LARAS ATAINA SAFFANAH','Rabu','KRJ'),('LARAS ATAINA SAFFANAH','Kamis','KRJ'),('LARAS ATAINA SAFFANAH','Jumat','KRJ'),('LARAS ATAINA SAFFANAH','Sabtu','KRJ'),('MUHAMMAD FILLAH','Senin','KRJ'),('MUHAMMAD FILLAH','Selasa','KRJ'),('MUHAMMAD FILLAH','Rabu','KRJ'),('MUHAMMAD FILLAH','Kamis','KRJ'),('MUHAMMAD FILLAH','Jumat','KRJ'),('MUHAMMAD FILLAH','Sabtu','KRJ'),('MUHAMMAD IQBAL','Senin','KRJ'),('MUHAMMAD IQBAL','Selasa','KRJ'),('MUHAMMAD IQBAL','Rabu','KRJ'),('MUHAMMAD IQBAL','Kamis','KRJ'),('MUHAMMAD IQBAL','Jumat','KRJ'),('MUHAMMAD IQBAL','Sabtu','KRJ'),('MUHAMMAD NAFIZALDI','Senin','KRJ'),('MUHAMMAD NAFIZALDI','Selasa','KRJ'),('MUHAMMAD NAFIZALDI','Rabu','KRJ'),('MUHAMMAD NAFIZALDI','Kamis','KRJ'),('MUHAMMAD NAFIZALDI','Jumat','KRJ'),('MUHAMMAD NAFIZALDI','Sabtu','KRJ'),('NAJMA AULIA PRAMESTI','Senin','KRJ'),('NAJMA AULIA PRAMESTI','Selasa','KRJ'),('NAJMA AULIA PRAMESTI','Rabu','KRJ'),('NAJMA AULIA PRAMESTI','Kamis','KRJ'),('NAJMA AULIA PRAMESTI','Jumat','KRJ'),('NAJMA AULIA PRAMESTI','Sabtu','KRJ'),('NISRINA NURAINI','Senin','KRJ'),('NISRINA NURAINI','Selasa','KRJ'),('NISRINA NURAINI','Rabu','KRJ'),('NISRINA NURAINI','Kamis','KRJ'),('NISRINA NURAINI','Jumat','KRJ'),('NISRINA NURAINI','Sabtu','KRJ'),('OKI RACHMALIA ROZI','Senin','KRJ'),('OKI RACHMALIA ROZI','Selasa','KRJ'),('OKI RACHMALIA ROZI','Rabu','KRJ'),('OKI RACHMALIA ROZI','Kamis','KRJ'),('OKI RACHMALIA ROZI','Jumat','KRJ'),('OKI RACHMALIA ROZI','Sabtu','KRJ'),('OKI RACHMALIA ROZI','Senin','KRJ'),('OKI RACHMALIA ROZI','Selasa','KRJ'),('OKI RACHMALIA ROZI','Rabu','KRJ'),('OKI RACHMALIA ROZI','Kamis','KRJ'),('OKI RACHMALIA ROZI','Jumat','KRJ'),('OKI RACHMALIA ROZI','Sabtu','KRJ'),('OKTSYAVITTO ADHITYA','Senin','KRJ'),('OKTSYAVITTO ADHITYA','Selasa','KRJ'),('OKTSYAVITTO ADHITYA','Rabu','KRJ'),('OKTSYAVITTO ADHITYA','Kamis','KRJ'),('OKTSYAVITTO ADHITYA','Jumat','KRJ'),('OKTSYAVITTO ADHITYA','Sabtu','KRJ'),('PRADIPTA NIMAS','Senin','KRJ'),('PRADIPTA NIMAS','Selasa','KRJ'),('PRADIPTA NIMAS','Rabu','KRJ'),('PRADIPTA NIMAS','Kamis','KRJ'),('PRADIPTA NIMAS','Jumat','KRJ'),('PRADIPTA NIMAS','Sabtu','KRJ'),('PUTRI SALSABILA ZAHRA','Senin','KRJ'),('PUTRI SALSABILA ZAHRA','Selasa','KRJ'),('PUTRI SALSABILA ZAHRA','Rabu','KRJ'),('PUTRI SALSABILA ZAHRA','Kamis','KRJ'),('PUTRI SALSABILA ZAHRA','Jumat','KRJ'),('PUTRI SALSABILA ZAHRA','Sabtu','KRJ'),('RAEHAL ANDJANI','Senin','KRJ'),('RAEHAL ANDJANI','Selasa','KRJ'),('RAEHAL ANDJANI','Rabu','KRJ'),('RAEHAL ANDJANI','Kamis','KRJ'),('RAEHAL ANDJANI','Jumat','KRJ'),('RAEHAL ANDJANI','Sabtu','KRJ'),('RAHMALIA PUTRI','Senin','KRJ'),('RAHMALIA PUTRI','Selasa','KRJ'),('RAHMALIA PUTRI','Rabu','KRJ'),('RAHMALIA PUTRI','Kamis','KRJ'),('RAHMALIA PUTRI','Jumat','KRJ'),('RAHMALIA PUTRI','Sabtu','KRJ'),('RATU ARYANI HUMAIRO','Senin','KRJ'),('RATU ARYANI HUMAIRO','Selasa','KRJ'),('RATU ARYANI HUMAIRO','Rabu','KRJ'),('RATU ARYANI HUMAIRO','Kamis','KRJ'),('RATU ARYANI HUMAIRO','Jumat','KRJ'),('RATU ARYANI HUMAIRO','Sabtu','KRJ'),('RIDWAN ADHI PRASETYO','Senin','KRJ'),('RIDWAN ADHI PRASETYO','Selasa','KRJ'),('RIDWAN ADHI PRASETYO','Rabu','KRJ'),('RIDWAN ADHI PRASETYO','Kamis','KRJ'),('RIDWAN ADHI PRASETYO','Jumat','KRJ'),('RIDWAN ADHI PRASETYO','Sabtu','KRJ'),('RISMA INDRIANI','Senin','KRJ'),('RISMA INDRIANI','Selasa','KRJ'),('RISMA INDRIANI','Rabu','KRJ'),('RISMA INDRIANI','Kamis','KRJ'),('RISMA INDRIANI','Jumat','KRJ'),('RISMA INDRIANI','Sabtu','KRJ'),('RIZKI AMELIA','Senin','KRJ'),('RIZKI AMELIA','Selasa','KRJ'),('RIZKI AMELIA','Rabu','KRJ'),('RIZKI AMELIA','Kamis','KRJ'),('RIZKI AMELIA','Jumat','KRJ'),('RIZKI AMELIA','Sabtu','KRJ'),('RIZKY WAHYU SAPUTRO','Senin','KRJ'),('RIZKY WAHYU SAPUTRO','Selasa','KRJ'),('RIZKY WAHYU SAPUTRO','Rabu','KRJ'),('RIZKY WAHYU SAPUTRO','Kamis','KRJ'),('RIZKY WAHYU SAPUTRO','Jumat','KRJ'),('RIZKY WAHYU SAPUTRO','Sabtu','KRJ'),('SABILA RIZKY ANANDA','Senin','KRJ'),('SABILA RIZKY ANANDA','Selasa','KRJ'),('SABILA RIZKY ANANDA','Rabu','KRJ'),('SABILA RIZKY ANANDA','Kamis','KRJ'),('SABILA RIZKY ANANDA','Jumat','KRJ'),('SABILA RIZKY ANANDA','Sabtu','KRJ'),('SHABRINA ADYSA ASTARI','Senin','KRJ'),('SHABRINA ADYSA ASTARI','Selasa','KRJ'),('SHABRINA ADYSA ASTARI','Rabu','KRJ'),('SHABRINA ADYSA ASTARI','Kamis','KRJ'),('SHABRINA ADYSA ASTARI','Jumat','KRJ'),('SHABRINA ADYSA ASTARI','Sabtu','KRJ'),('SHAINADEFFA RENATA','Senin','KRJ'),('SHAINADEFFA RENATA','Selasa','KRJ'),('SHAINADEFFA RENATA','Rabu','KRJ'),('SHAINADEFFA RENATA','Kamis','KRJ'),('SHAINADEFFA RENATA','Jumat','KRJ'),('SHAINADEFFA RENATA','Sabtu','KRJ'),('SITI NURUL FIFTHIANI','Senin','KRJ'),('SITI NURUL FIFTHIANI','Selasa','KRJ'),('SITI NURUL FIFTHIANI','Rabu','KRJ'),('SITI NURUL FIFTHIANI','Kamis','KRJ'),('SITI NURUL FIFTHIANI','Jumat','KRJ'),('SITI NURUL FIFTHIANI','Sabtu','KRJ'),('TITO HASNA SANIY','Senin','KRJ'),('TITO HASNA SANIY','Selasa','KRJ'),('TITO HASNA SANIY','Rabu','KRJ'),('TITO HASNA SANIY','Kamis','KRJ'),('TITO HASNA SANIY','Jumat','KRJ'),('TITO HASNA SANIY','Sabtu','KRJ'),('UUS USWATUN HASANAH','Senin','KRJ'),('UUS USWATUN HASANAH','Selasa','KRJ'),('UUS USWATUN HASANAH','Rabu','KRJ'),('UUS USWATUN HASANAH','Kamis','KRJ'),('UUS USWATUN HASANAH','Jumat','KRJ'),('UUS USWATUN HASANAH','Sabtu','KRJ'),('VELY WATI PURBA','Senin','KRJ'),('VELY WATI PURBA','Selasa','KRJ'),('VELY WATI PURBA','Rabu','KRJ'),('VELY WATI PURBA','Kamis','KRJ'),('VELY WATI PURBA','Jumat','KRJ'),('VELY WATI PURBA','Sabtu','KRJ'),('VERIKA DAMAYANTI','Senin','KRJ'),('VERIKA DAMAYANTI','Selasa','KRJ'),('VERIKA DAMAYANTI','Rabu','KRJ'),('VERIKA DAMAYANTI','Kamis','KRJ'),('VERIKA DAMAYANTI','Jumat','KRJ'),('VERIKA DAMAYANTI','Sabtu','KRJ'),('YAYUK ZULFATUSSAADAH','Senin','KRJ'),('YAYUK ZULFATUSSAADAH','Selasa','KRJ'),('YAYUK ZULFATUSSAADAH','Rabu','KRJ'),('YAYUK ZULFATUSSAADAH','Kamis','KRJ'),('YAYUK ZULFATUSSAADAH','Jumat','KRJ'),('YAYUK ZULFATUSSAADAH','Sabtu','KRJ'),('ADHI NILA SARI','Senin','KRJ'),('ADHI NILA SARI','Selasa','KRJ'),('ADHI NILA SARI','Rabu','KRJ'),('ADHI NILA SARI','Kamis','KRJ'),('ADHI NILA SARI','Jumat','KRJ'),('ADHI NILA SARI','Sabtu','KRJ'),('DARSIKIN','Senin','KRJ'),('DARSIKIN','Selasa','KRJ'),('DARSIKIN','Rabu','KRJ'),('DARSIKIN','Kamis','KRJ'),('DARSIKIN','Jumat','KRJ'),('DARSIKIN','Sabtu','KRJ'),('DARSIKIN','Senin','KRJ'),('DARSIKIN','Selasa','KRJ'),('DARSIKIN','Rabu','KRJ'),('DARSIKIN','Kamis','KRJ'),('DARSIKIN','Jumat','KRJ'),('DARSIKIN','Sabtu','KRJ'),('YUNINGTYAS SETYOWATI','Senin','KRJ'),('YUNINGTYAS SETYOWATI','Selasa','KRJ'),('YUNINGTYAS SETYOWATI','Rabu','KRJ'),('YUNINGTYAS SETYOWATI','Kamis','KRJ'),('YUNINGTYAS SETYOWATI','Jumat','KRJ'),('YUNINGTYAS SETYOWATI','Sabtu','KRJ'),('GEBRINA RIZKI','Senin','KRJ'),('GEBRINA RIZKI','Selasa','KRJ'),('GEBRINA RIZKI','Rabu','KRJ'),('GEBRINA RIZKI','Kamis','KRJ'),('GEBRINA RIZKI','Jumat','KRJ'),('GEBRINA RIZKI','Sabtu','KRJ'),('LUQMAN HAKIM','Senin','KRJ'),('LUQMAN HAKIM','Selasa','KRJ'),('LUQMAN HAKIM','Rabu','KRJ'),('LUQMAN HAKIM','Kamis','KRJ'),('LUQMAN HAKIM','Jumat','KRJ'),('LUQMAN HAKIM','Sabtu','KRJ'),('SANOVIA DWITI WALIWINDU','Senin','KRJ'),('SANOVIA DWITI WALIWINDU','Selasa','KRJ'),('SANOVIA DWITI WALIWINDU','Rabu','KRJ'),('SANOVIA DWITI WALIWINDU','Kamis','KRJ'),('SANOVIA DWITI WALIWINDU','Jumat','KRJ'),('SANOVIA DWITI WALIWINDU','Sabtu','KRJ'),('THEMA ARRISALDI','Senin','KRJ'),('THEMA ARRISALDI','Selasa','KRJ'),('THEMA ARRISALDI','Rabu','KRJ'),('THEMA ARRISALDI','Kamis','KRJ'),('THEMA ARRISALDI','Jumat','KRJ'),('THEMA ARRISALDI','Sabtu','KRJ'),('ANANG SETIAWAN','Senin','STP'),('ANANG SETIAWAN','Selasa','STP'),('ANANG SETIAWAN','Rabu','STP'),('ANANG SETIAWAN','Kamis','STP'),('ANANG SETIAWAN','Jumat','STP'),('ANANG SETIAWAN','Sabtu','STP'),('ANTONIUS','Senin','STP'),('ANTONIUS','Selasa','STP'),('ANTONIUS','Rabu','STP'),('ANTONIUS','Kamis','STP'),('ANTONIUS','Jumat','STP'),('ANTONIUS','Sabtu','STP'),('BAYU SETIAWAN','Senin','STP'),('BAYU SETIAWAN','Selasa','STP'),('BAYU SETIAWAN','Rabu','STP'),('BAYU SETIAWAN','Kamis','STP'),('BAYU SETIAWAN','Jumat','STP'),('BAYU SETIAWAN','Sabtu','STP'),('DWI KRISNANTO','Senin','STP'),('DWI KRISNANTO','Selasa','STP'),('DWI KRISNANTO','Rabu','STP'),('DWI KRISNANTO','Kamis','STP'),('DWI KRISNANTO','Jumat','STP'),('DWI KRISNANTO','Sabtu','STP');
/*!40000 ALTER TABLE `konfigurasi_jamkerja` ENABLE KEYS */;
UNLOCK TABLES;

--
-- Table structure for table `konfigurasi_lokasi`
--

DROP TABLE IF EXISTS `konfigurasi_lokasi`;
/*!40101 SET @saved_cs_client     = @@character_set_client */;
/*!50503 SET character_set_client = utf8mb4 */;
CREATE TABLE `konfigurasi_lokasi` (
  `id` int NOT NULL AUTO_INCREMENT,
  `lokasi_kantor` varchar(255) NOT NULL,
  `radius` int NOT NULL,
  PRIMARY KEY (`id`) USING BTREE
) ENGINE=InnoDB AUTO_INCREMENT=2 DEFAULT CHARSET=latin1 ROW_FORMAT=DYNAMIC;
/*!40101 SET character_set_client = @saved_cs_client */;

--
-- Dumping data for table `konfigurasi_lokasi`
--

LOCK TABLES `konfigurasi_lokasi` WRITE;
/*!40000 ALTER TABLE `konfigurasi_lokasi` DISABLE KEYS */;
INSERT INTO `konfigurasi_lokasi` VALUES (1,'-7.287594341097271,108.23708536116848',900000);
/*!40000 ALTER TABLE `konfigurasi_lokasi` ENABLE KEYS */;
UNLOCK TABLES;

--
-- Table structure for table `pengajuan_izin`
--

DROP TABLE IF EXISTS `pengajuan_izin`;
/*!40101 SET @saved_cs_client     = @@character_set_client */;
/*!50503 SET character_set_client = utf8mb4 */;
CREATE TABLE `pengajuan_izin` (
  `id` int NOT NULL AUTO_INCREMENT,
  `nik` char(255) DEFAULT NULL,
  `tgl_izin` date DEFAULT NULL,
  `status` char(1) DEFAULT NULL COMMENT 'i : izin s : sakit',
  `keterangan` varchar(255) DEFAULT NULL,
  `status_approved` char(1) DEFAULT '0' COMMENT '0 : Pending 1: Disetuji 2: Ditolak',
  PRIMARY KEY (`id`) USING BTREE
) ENGINE=InnoDB AUTO_INCREMENT=13 DEFAULT CHARSET=latin1 ROW_FORMAT=DYNAMIC;
/*!40101 SET character_set_client = @saved_cs_client */;

--
-- Dumping data for table `pengajuan_izin`
--

LOCK TABLES `pengajuan_izin` WRITE;
/*!40000 ALTER TABLE `pengajuan_izin` DISABLE KEYS */;
INSERT INTO `pengajuan_izin` VALUES (10,'UJI COBA','2023-08-22','i','ACARA KELUARGA','0'),(11,'MIFTAHUL ALIM','2023-08-25','i','Acara keluarga','0'),(12,'DIDIK EKO','2023-08-22','i','Pelatihan & Ujian Wawasan Kebangsaan','0');
/*!40000 ALTER TABLE `pengajuan_izin` ENABLE KEYS */;
UNLOCK TABLES;

--
-- Table structure for table `presensi`
--

DROP TABLE IF EXISTS `presensi`;
/*!40101 SET @saved_cs_client     = @@character_set_client */;
/*!50503 SET character_set_client = utf8mb4 */;
CREATE TABLE `presensi` (
  `id` int NOT NULL AUTO_INCREMENT,
  `nik` char(255) NOT NULL,
  `tgl_presensi` date NOT NULL,
  `jam_in` time NOT NULL,
  `jam_out` time DEFAULT NULL,
  `foto_in` varchar(255) NOT NULL,
  `foto_out` varchar(255) DEFAULT NULL,
  `lokasi_in` text NOT NULL,
  `lokasi_out` text,
  `kode_jam_kerja` char(4) DEFAULT NULL,
  PRIMARY KEY (`id`) USING BTREE
) ENGINE=InnoDB AUTO_INCREMENT=101 DEFAULT CHARSET=latin1 ROW_FORMAT=DYNAMIC;
/*!40101 SET character_set_client = @saved_cs_client */;

--
-- Dumping data for table `presensi`
--

LOCK TABLES `presensi` WRITE;
/*!40000 ALTER TABLE `presensi` DISABLE KEYS */;
INSERT INTO `presensi` VALUES (44,'SURYA ADI NUGROHO','2023-08-16','14:43:33','17:39:45','SURYA ADI NUGROHO-2023-08-16-in.png','SURYA ADI NUGROHO-2023-08-16-out.png','-6.9827092,110.410445','-6.982664,110.410554','KRJ'),(46,'SURYA ADI NUGROHO','2023-08-18','07:57:37','19:32:29','SURYA ADI NUGROHO-2023-08-18-in.png','SURYA ADI NUGROHO-2023-08-18-out.png','-6.9825718,110.4104815','-6.9826941,110.410408','KRJ'),(47,'ABDUL KHARIS','2023-08-18','16:14:39','17:01:29','ABDUL KHARIS-2023-08-18-in.png','ABDUL KHARIS-2023-08-18-out.png','-6.982815566382898,110.41057833631406','-6.9826916,110.4104114','KRJ'),(48,'SUMARNO','2023-08-18','16:25:58',NULL,'SUMARNO-2023-08-18-in.png',NULL,'-6.98264,110.4103434',NULL,'KRJ'),(49,'SUMARNO','2023-08-21','07:32:39','17:05:53','SUMARNO-2023-08-21-in.png','SUMARNO-2023-08-21-out.png','-6.9826367,110.4105506','-6.9826452,110.4105548','KRJ'),(50,'ABDUL KHARIS','2023-08-21','07:53:02','17:00:38','ABDUL KHARIS-2023-08-21-in.png','ABDUL KHARIS-2023-08-21-out.png','-6.9826596,110.4105601','-6.9826963,110.4104094','KRJ'),(51,'SURYA ADI NUGROHO','2023-08-21','08:00:00','18:36:09','SURYA ADI NUGROHO-2023-08-21-in.png','SURYA ADI NUGROHO-2023-08-21-out.png','-6.9825736,110.4104754','-6.982727,110.4106463','KRJ'),(52,'DIDIK EKO','2023-08-21','09:38:54','17:09:55','DIDIK EKO-2023-08-21-in.png','DIDIK EKO-2023-08-21-out.png','-6.9826072,110.4105075','-6.982631,110.4105297','KRJ'),(53,'MIFTAHUL ALIM','2023-08-21','09:40:27','17:26:55','MIFTAHUL ALIM-2023-08-21-in.png','MIFTAHUL ALIM-2023-08-21-out.png','-6.9826924,110.4104815','-6.9976074,110.4625256','KRJ'),(54,'REVA ANUGRAH RAMDHANA','2023-08-21','09:45:03','17:49:26','REVA ANUGRAH RAMDHANA-2023-08-21-in.png','REVA ANUGRAH RAMDHANA-2023-08-21-out.png','-6.982566243732703,110.41048332403336','-7.01731656832953,110.39002504300441','KRJ'),(55,'DANI ADHI NUGROHO','2023-08-21','09:45:05','17:02:08','DANI ADHI NUGROHO-2023-08-21-in.png','DANI ADHI NUGROHO-2023-08-21-out.png','-6.9826589,110.4104981','-6.9826502,110.410525','KRJ'),(56,'YUDHI ARYO PAMUNGKAS','2023-08-21','09:45:13','17:02:21','YUDHI ARYO PAMUNGKAS-2023-08-21-in.png','YUDHI ARYO PAMUNGKAS-2023-08-21-out.png','-6.9828365998657365,110.41072006767033','-6.982791364857017,110.41067017818384','KRJ'),(57,'HAPSORO JAYANINGPRANG','2023-08-21','09:45:40','17:20:10','HAPSORO JAYANINGPRANG-2023-08-21-in.png','HAPSORO JAYANINGPRANG-2023-08-21-out.png','-6.9826699,110.4104945','-6.9826496,110.41053','KRJ'),(58,'SAYID FARID RINALDI','2023-08-21','09:45:57','17:19:53','SAYID FARID RINALDI-2023-08-21-in.png','SAYID FARID RINALDI-2023-08-21-out.png','-6.982574960766685,110.41037068327115','-6.9826690777760945,110.4106459196078','KRJ'),(59,'FIFI RAHMAWATI','2023-08-21','09:48:08',NULL,'FIFI RAHMAWATI-2023-08-21-in.png',NULL,'-6.982605,110.4106604',NULL,'KRJ'),(60,'SENA KIRANA','2023-08-21','09:48:55','17:08:53','SENA KIRANA-2023-08-21-in.png','SENA KIRANA-2023-08-21-out.png','-6.9826416,110.4105295','-7.085549,110.3098722','KRJ'),(62,'DEDI SUSANTO','2023-08-21','09:50:49',NULL,'DEDI SUSANTO-2023-08-21-in.png',NULL,'-6.9826242,110.4105395',NULL,'KRJ'),(63,'MARDIYANTO','2023-08-21','09:53:31',NULL,'MARDIYANTO-2023-08-21-in.png',NULL,'-6.9826307,110.4105404',NULL,'KRJ'),(64,'ALBI ALIF IKHSAN','2023-08-21','10:36:32',NULL,'ALBI ALIF IKHSAN-2023-08-21-in.png',NULL,'-6.9826703,110.4105682',NULL,'KRJ'),(65,'SUKASNO','2023-08-21','13:06:20',NULL,'SUKASNO-2023-08-21-in.png',NULL,'-6.9826809,110.410557',NULL,'KRJ'),(66,'SUKASNO','2023-08-21','13:06:20',NULL,'SUKASNO-2023-08-21-in.png',NULL,'-6.9826809,110.410557',NULL,'KRJ'),(67,'SUKASNO','2023-08-21','13:06:20',NULL,'SUKASNO-2023-08-21-in.png',NULL,'-6.9826809,110.410557',NULL,'KRJ'),(71,'UNTUNG SUTRISNO','2023-08-21','16:09:19','17:12:51','UNTUNG SUTRISNO-2023-08-21-in.png','UNTUNG SUTRISNO-2023-08-21-out.png','-7.543731,110.7316758','-7.5485943,110.7824527','KRJ'),(72,'UJICOBA','2023-08-21','16:10:06',NULL,'UJICOBA-2023-08-21-in.png',NULL,'-6.9826973,110.4105392',NULL,'KRJ'),(73,'LINDA SABATWATI','2023-08-21','16:15:19','17:06:52','LINDA SABATWATI-2023-08-21-in.png','LINDA SABATWATI-2023-08-21-out.png','-7.5485944,110.7824528','-7.5485944,110.7824528','KRJ'),(74,'VALES INTIFADA','2023-08-21','16:51:53','17:01:54','VALES INTIFADA-2023-08-21-in.png','VALES INTIFADA-2023-08-21-out.png','-7.548406043915206,110.78247425596787','-7.548406043915206,110.78247425596787','KRJ'),(75,'AGUS RIYANTO','2023-08-22','06:50:50',NULL,'AGUS RIYANTO-2023-08-22-in.png',NULL,'-6.9826772,110.4105591',NULL,'KRJ'),(76,'DEDI SUSANTO','2023-08-22','06:52:15',NULL,'DEDI SUSANTO-2023-08-22-in.png',NULL,'-6.9825821,110.4105815',NULL,'KRJ'),(77,'TEGUH HERMAWAN','2023-08-22','07:26:22','17:57:35','TEGUH HERMAWAN-2023-08-22-in.png','TEGUH HERMAWAN-2023-08-22-out.png','-6.9825779,110.4104722','-6.9833841,110.4122382','KRJ'),(78,'SUMARNO','2023-08-22','07:28:37','17:02:02','SUMARNO-2023-08-22-in.png','SUMARNO-2023-08-22-out.png','-6.9826427,110.410559','-6.9827017,110.4102159','KRJ'),(79,'VALES INTIFADA','2023-08-22','07:36:27','19:20:18','VALES INTIFADA-2023-08-22-in.png','VALES INTIFADA-2023-08-22-out.png','-7.54856098909634,110.78235408301538','-7.548402789628364,110.78246134481407','KRJ'),(80,'FIFI RAHMAWATI','2023-08-22','07:37:37',NULL,'FIFI RAHMAWATI-2023-08-22-in.png',NULL,'-6.9826304,110.4106139',NULL,'KRJ'),(81,'ABDUL KHARIS','2023-08-22','07:47:38','17:02:43','ABDUL KHARIS-2023-08-22-in.png','ABDUL KHARIS-2023-08-22-out.png','-6.9826816,110.4104308','-6.9826798,110.4104464','KRJ'),(82,'MIFTAHUL ALIM','2023-08-22','07:49:37',NULL,'MIFTAHUL ALIM-2023-08-22-in.png',NULL,'-6.9975464,110.4625753',NULL,'KRJ'),(83,'UNTUNG SUTRISNO','2023-08-22','07:51:13','18:01:02','UNTUNG SUTRISNO-2023-08-22-in.png','UNTUNG SUTRISNO-2023-08-22-out.png','-7.5591936,110.7785575','-7.5581347,110.7753857','KRJ'),(84,'ALBI ALIF IKHSAN','2023-08-22','07:52:07','17:04:08','ALBI ALIF IKHSAN-2023-08-22-in.png','ALBI ALIF IKHSAN-2023-08-22-out.png','-6.9826483,110.4105549','-7.0220497,110.3898322','KRJ'),(85,'MUHAMMAD ADHIM','2023-08-22','07:52:41','17:03:12','MUHAMMAD ADHIM-2023-08-22-in.png','MUHAMMAD ADHIM-2023-08-22-out.png','-6.9826897,110.4104722','-6.9827222,110.4104524','KRJ'),(86,'SENA KIRANA','2023-08-22','07:54:18','17:26:58','SENA KIRANA-2023-08-22-in.png','SENA KIRANA-2023-08-22-out.png','-6.988565,110.3579895','-7.1053327,110.3217648','KRJ'),(87,'AILSA ADZANI ZATADINI','2023-08-22','07:54:33','17:03:02','AILSA ADZANI ZATADINI-2023-08-22-in.png','AILSA ADZANI ZATADINI-2023-08-22-out.png','-6.9826955,110.4104788','-6.9827203,110.4104732','KRJ'),(88,'HERMAWAN AJI BAGASKORO','2023-08-22','07:55:08','18:13:54','HERMAWAN AJI BAGASKORO-2023-08-22-in.png','HERMAWAN AJI BAGASKORO-2023-08-22-out.png','-7.548405701080844,110.78246504762944','-7.548402627515958,110.78246114737237','KRJ'),(89,'DIAH ANGGIT','2023-08-22','07:56:34','17:04:18','DIAH ANGGIT-2023-08-22-in.png','DIAH ANGGIT-2023-08-22-out.png','-6.982909206127728,110.4108717638661','-6.98292072435926,110.41070446172364','KRJ'),(90,'YUDHI ARYO PAMUNGKAS','2023-08-22','07:59:10','17:07:48','YUDHI ARYO PAMUNGKAS-2023-08-22-in.png','YUDHI ARYO PAMUNGKAS-2023-08-22-out.png','-6.982656326711751,110.41054746992252','-6.982668456539636,110.41054002049563','KRJ'),(91,'SURYA ADI NUGROHO','2023-08-22','08:00:16',NULL,'SURYA ADI NUGROHO-2023-08-22-in.png',NULL,'-6.9825723,110.4104794',NULL,'KRJ'),(92,'MUHAMMAD DAFA','2023-08-22','08:02:33','17:03:48','MUHAMMAD DAFA-2023-08-22-in.png','MUHAMMAD DAFA-2023-08-22-out.png','-6.983002804792583,110.4107750021335','-6.9827003,110.4104703','KRJ'),(93,'HAPSORO JAYANINGPRANG','2023-08-22','08:04:47','17:13:19','HAPSORO JAYANINGPRANG-2023-08-22-in.png','HAPSORO JAYANINGPRANG-2023-08-22-out.png','-6.9826484,110.4104732','-6.982438,110.4100098','KRJ'),(94,'DANI ADHI NUGROHO','2023-08-22','08:07:31','17:12:39','DANI ADHI NUGROHO-2023-08-22-in.png','DANI ADHI NUGROHO-2023-08-22-out.png','-6.9825118,110.4103644','-6.9826378,110.4105493','KRJ'),(95,'SAYID FARID RINALDI','2023-08-22','08:16:55','17:12:19','SAYID FARID RINALDI-2023-08-22-in.png','SAYID FARID RINALDI-2023-08-22-out.png','-6.982710630162823,110.41059350215889','-6.9826896898958495,110.41065111596934','KRJ'),(96,'REVA ANUGRAH RAMDHANA','2023-08-22','08:26:45','17:42:19','REVA ANUGRAH RAMDHANA-2023-08-22-in.png','REVA ANUGRAH RAMDHANA-2023-08-22-out.png','-6.722758070146467,111.1259484917523','-6.876016121781158,110.69745014711812','KRJ'),(97,'WIDODO SEPTIANTO','2023-08-22','08:30:19','17:13:21','WIDODO SEPTIANTO-2023-08-22-in.png','WIDODO SEPTIANTO-2023-08-22-out.png','-6.956072,110.421924','-6.9826452,110.4105685','KRJ'),(98,'LINDA SABATWATI','2023-08-22','09:10:51','17:03:06','LINDA SABATWATI-2023-08-22-in.png','LINDA SABATWATI-2023-08-22-out.png','-7.5485951,110.7824534','-7.5485942,110.7824528','KRJ'),(99,'AGNESYA LEONITA','2023-08-22','10:58:58',NULL,'AGNESYA LEONITA-2023-08-22-in.png',NULL,'-6.9828598767947545,110.41090392873659',NULL,'KRJ'),(100,'ENANG WIJANARKO','2023-08-22','11:43:28','19:58:10','ENANG WIJANARKO-2023-08-22-in.png','ENANG WIJANARKO-2023-08-22-out.png','-7.6903953,110.6291586','-7.5341416,110.8469099','KRJ');
/*!40000 ALTER TABLE `presensi` ENABLE KEYS */;
UNLOCK TABLES;

--
-- Table structure for table `users`
--

DROP TABLE IF EXISTS `users`;
/*!40101 SET @saved_cs_client     = @@character_set_client */;
/*!50503 SET character_set_client = utf8mb4 */;
CREATE TABLE `users` (
  `id` bigint unsigned NOT NULL AUTO_INCREMENT,
  `name` varchar(255) COLLATE utf8mb4_unicode_ci NOT NULL,
  `email` varchar(255) COLLATE utf8mb4_unicode_ci NOT NULL,
  `email_verified_at` timestamp NULL DEFAULT NULL,
  `password` varchar(255) COLLATE utf8mb4_unicode_ci NOT NULL,
  `remember_token` varchar(100) COLLATE utf8mb4_unicode_ci DEFAULT NULL,
  `created_at` timestamp NULL DEFAULT NULL,
  `updated_at` timestamp NULL DEFAULT NULL,
  PRIMARY KEY (`id`) USING BTREE,
  UNIQUE KEY `users_email_unique` (`email`) USING BTREE
) ENGINE=InnoDB AUTO_INCREMENT=5 DEFAULT CHARSET=utf8mb4 COLLATE=utf8mb4_unicode_ci ROW_FORMAT=DYNAMIC;
/*!40101 SET character_set_client = @saved_cs_client */;

--
-- Dumping data for table `users`
--

LOCK TABLES `users` WRITE;
/*!40000 ALTER TABLE `users` DISABLE KEYS */;
INSERT INTO `users` VALUES (2,'Wahyu Kuncoro','wahyukuncoro@gmail.com',NULL,'$2y$10$u.Cpy.8nxTlHUJFMB2lHTeSyQpOw2Zx7MRu2fuT/nndxMigccZWFW',NULL,NULL,NULL),(3,'Bolokurowo','rezkyaffandi@gmail.com',NULL,'$2y$10$j0cLk0UJJJqfagk46lCREu2T/bYAnGkOVpLcgwLdl2AVM8gLcz9y.',NULL,NULL,NULL),(4,'Sigit Satrio','sigitsatriopakerti@gmail.com',NULL,'$2y$10$u.Cpy.8nxTlHUJFMB2lHTeSyQpOw2Zx7MRu2fuT/nndxMigccZWFW',NULL,NULL,NULL);
/*!40000 ALTER TABLE `users` ENABLE KEYS */;
UNLOCK TABLES;

--
-- Dumping routines for database 'presensigps'
--
/*!40103 SET TIME_ZONE=@OLD_TIME_ZONE */;

/*!40101 SET SQL_MODE=@OLD_SQL_MODE */;
/*!40014 SET FOREIGN_KEY_CHECKS=@OLD_FOREIGN_KEY_CHECKS */;
/*!40014 SET UNIQUE_CHECKS=@OLD_UNIQUE_CHECKS */;
/*!40101 SET CHARACTER_SET_CLIENT=@OLD_CHARACTER_SET_CLIENT */;
/*!40101 SET CHARACTER_SET_RESULTS=@OLD_CHARACTER_SET_RESULTS */;
/*!40101 SET COLLATION_CONNECTION=@OLD_COLLATION_CONNECTION */;
/*!40111 SET SQL_NOTES=@OLD_SQL_NOTES */;

-- Dump completed on 2023-08-22 21:21:17
